

/* Inserções na tabela Pokemon */

INSERT INTO public.pokemon (id_pokemon, nome, altura, peso, hp, ataque, defesa, ataque_especial, defesa_especial, velocidade, tipo_1, tipo_2, numero_pokedex, fk_pokebola_id) VALUES(1, 'bulbasaur', 7.0, 69.0, 45, 49, 49, 65, 65, 45.0, 'grass', 'poison', 1, NULL);
INSERT INTO public.pokemon (id_pokemon, nome, altura, peso, hp, ataque, defesa, ataque_especial, defesa_especial, velocidade, tipo_1, tipo_2, numero_pokedex, fk_pokebola_id) VALUES(2, 'ivysaur', 10.0, 130.0, 60, 62, 63, 80, 80, 60.0, 'grass', 'poison', 2, NULL);
INSERT INTO public.pokemon (id_pokemon, nome, altura, peso, hp, ataque, defesa, ataque_especial, defesa_especial, velocidade, tipo_1, tipo_2, numero_pokedex, fk_pokebola_id) VALUES(3, 'venusaur', 20.0, 1000.0, 80, 82, 83, 100, 100, 80.0, 'grass', 'poison', 3, NULL);
INSERT INTO public.pokemon (id_pokemon, nome, altura, peso, hp, ataque, defesa, ataque_especial, defesa_especial, velocidade, tipo_1, tipo_2, numero_pokedex, fk_pokebola_id) VALUES(6, 'charizard', 17.0, 905.0, 78, 84, 78, 109, 85, 100.0, 'fire', 'flying', 6, NULL);
INSERT INTO public.pokemon (id_pokemon, nome, altura, peso, hp, ataque, defesa, ataque_especial, defesa_especial, velocidade, tipo_1, tipo_2, numero_pokedex, fk_pokebola_id) VALUES(12, 'butterfree', 11.0, 320.0, 60, 45, 50, 90, 80, 70.0, 'bug', 'flying', 12, NULL);
INSERT INTO public.pokemon (id_pokemon, nome, altura, peso, hp, ataque, defesa, ataque_especial, defesa_especial, velocidade, tipo_1, tipo_2, numero_pokedex, fk_pokebola_id) VALUES(13, 'weedle', 3.0, 32.0, 40, 35, 30, 20, 20, 50.0, 'bug', 'poison', 13, NULL);
INSERT INTO public.pokemon (id_pokemon, nome, altura, peso, hp, ataque, defesa, ataque_especial, defesa_especial, velocidade, tipo_1, tipo_2, numero_pokedex, fk_pokebola_id) VALUES(14, 'kakuna', 6.0, 100.0, 45, 25, 50, 25, 25, 35.0, 'bug', 'poison', 14, NULL);
INSERT INTO public.pokemon (id_pokemon, nome, altura, peso, hp, ataque, defesa, ataque_especial, defesa_especial, velocidade, tipo_1, tipo_2, numero_pokedex, fk_pokebola_id) VALUES(15, 'beedrill', 10.0, 295.0, 65, 90, 40, 45, 80, 75.0, 'bug', 'poison', 15, NULL);
INSERT INTO public.pokemon (id_pokemon, nome, altura, peso, hp, ataque, defesa, ataque_especial, defesa_especial, velocidade, tipo_1, tipo_2, numero_pokedex, fk_pokebola_id) VALUES(16, 'pidgey', 3.0, 18.0, 40, 45, 40, 35, 35, 56.0, 'normal', 'flying', 16, NULL);
INSERT INTO public.pokemon (id_pokemon, nome, altura, peso, hp, ataque, defesa, ataque_especial, defesa_especial, velocidade, tipo_1, tipo_2, numero_pokedex, fk_pokebola_id) VALUES(17, 'pidgeotto', 11.0, 300.0, 63, 60, 55, 50, 50, 71.0, 'normal', 'flying', 17, NULL);
INSERT INTO public.pokemon (id_pokemon, nome, altura, peso, hp, ataque, defesa, ataque_especial, defesa_especial, velocidade, tipo_1, tipo_2, numero_pokedex, fk_pokebola_id) VALUES(18, 'pidgeot', 15.0, 395.0, 83, 80, 75, 70, 70, 101.0, 'normal', 'flying', 18, NULL);
INSERT INTO public.pokemon (id_pokemon, nome, altura, peso, hp, ataque, defesa, ataque_especial, defesa_especial, velocidade, tipo_1, tipo_2, numero_pokedex, fk_pokebola_id) VALUES(21, 'spearow', 3.0, 20.0, 40, 60, 30, 31, 31, 70.0, 'normal', 'flying', 21, NULL);
INSERT INTO public.pokemon (id_pokemon, nome, altura, peso, hp, ataque, defesa, ataque_especial, defesa_especial, velocidade, tipo_1, tipo_2, numero_pokedex, fk_pokebola_id) VALUES(22, 'fearow', 12.0, 380.0, 65, 90, 65, 61, 61, 100.0, 'normal', 'flying', 22, NULL);
INSERT INTO public.pokemon (id_pokemon, nome, altura, peso, hp, ataque, defesa, ataque_especial, defesa_especial, velocidade, tipo_1, tipo_2, numero_pokedex, fk_pokebola_id) VALUES(31, 'nidoqueen', 13.0, 600.0, 90, 92, 87, 75, 85, 76.0, 'poison', 'ground', 31, NULL);
INSERT INTO public.pokemon (id_pokemon, nome, altura, peso, hp, ataque, defesa, ataque_especial, defesa_especial, velocidade, tipo_1, tipo_2, numero_pokedex, fk_pokebola_id) VALUES(34, 'nidoking', 14.0, 620.0, 81, 102, 77, 85, 75, 85.0, 'poison', 'ground', 34, NULL);
INSERT INTO public.pokemon (id_pokemon, nome, altura, peso, hp, ataque, defesa, ataque_especial, defesa_especial, velocidade, tipo_1, tipo_2, numero_pokedex, fk_pokebola_id) VALUES(39, 'jigglypuff', 5.0, 55.0, 115, 45, 20, 45, 25, 20.0, 'normal', 'fairy', 39, NULL);
INSERT INTO public.pokemon (id_pokemon, nome, altura, peso, hp, ataque, defesa, ataque_especial, defesa_especial, velocidade, tipo_1, tipo_2, numero_pokedex, fk_pokebola_id) VALUES(40, 'wigglytuff', 10.0, 120.0, 140, 70, 45, 85, 50, 45.0, 'normal', 'fairy', 40, NULL);
INSERT INTO public.pokemon (id_pokemon, nome, altura, peso, hp, ataque, defesa, ataque_especial, defesa_especial, velocidade, tipo_1, tipo_2, numero_pokedex, fk_pokebola_id) VALUES(41, 'zubat', 8.0, 75.0, 40, 45, 35, 30, 40, 55.0, 'poison', 'flying', 41, NULL);
INSERT INTO public.pokemon (id_pokemon, nome, altura, peso, hp, ataque, defesa, ataque_especial, defesa_especial, velocidade, tipo_1, tipo_2, numero_pokedex, fk_pokebola_id) VALUES(42, 'golbat', 16.0, 550.0, 75, 80, 70, 65, 75, 90.0, 'poison', 'flying', 42, NULL);
INSERT INTO public.pokemon (id_pokemon, nome, altura, peso, hp, ataque, defesa, ataque_especial, defesa_especial, velocidade, tipo_1, tipo_2, numero_pokedex, fk_pokebola_id) VALUES(43, 'oddish', 5.0, 54.0, 45, 50, 55, 75, 65, 30.0, 'grass', 'poison', 43, NULL);
INSERT INTO public.pokemon (id_pokemon, nome, altura, peso, hp, ataque, defesa, ataque_especial, defesa_especial, velocidade, tipo_1, tipo_2, numero_pokedex, fk_pokebola_id) VALUES(44, 'gloom', 8.0, 86.0, 60, 65, 70, 85, 75, 40.0, 'grass', 'poison', 44, NULL);
INSERT INTO public.pokemon (id_pokemon, nome, altura, peso, hp, ataque, defesa, ataque_especial, defesa_especial, velocidade, tipo_1, tipo_2, numero_pokedex, fk_pokebola_id) VALUES(45, 'vileplume', 12.0, 186.0, 75, 80, 85, 110, 90, 50.0, 'grass', 'poison', 45, NULL);
INSERT INTO public.pokemon (id_pokemon, nome, altura, peso, hp, ataque, defesa, ataque_especial, defesa_especial, velocidade, tipo_1, tipo_2, numero_pokedex, fk_pokebola_id) VALUES(46, 'paras', 3.0, 54.0, 35, 70, 55, 45, 55, 25.0, 'bug', 'grass', 46, NULL);
INSERT INTO public.pokemon (id_pokemon, nome, altura, peso, hp, ataque, defesa, ataque_especial, defesa_especial, velocidade, tipo_1, tipo_2, numero_pokedex, fk_pokebola_id) VALUES(47, 'parasect', 10.0, 295.0, 60, 95, 80, 60, 80, 30.0, 'bug', 'grass', 47, NULL);
INSERT INTO public.pokemon (id_pokemon, nome, altura, peso, hp, ataque, defesa, ataque_especial, defesa_especial, velocidade, tipo_1, tipo_2, numero_pokedex, fk_pokebola_id) VALUES(48, 'venonat', 10.0, 300.0, 60, 55, 50, 40, 55, 45.0, 'bug', 'poison', 48, NULL);
INSERT INTO public.pokemon (id_pokemon, nome, altura, peso, hp, ataque, defesa, ataque_especial, defesa_especial, velocidade, tipo_1, tipo_2, numero_pokedex, fk_pokebola_id) VALUES(49, 'venomoth', 15.0, 125.0, 70, 65, 60, 90, 75, 90.0, 'bug', 'poison', 49, NULL);
INSERT INTO public.pokemon (id_pokemon, nome, altura, peso, hp, ataque, defesa, ataque_especial, defesa_especial, velocidade, tipo_1, tipo_2, numero_pokedex, fk_pokebola_id) VALUES(62, 'poliwrath', 13.0, 540.0, 90, 95, 95, 70, 90, 70.0, 'water', 'fighting', 62, NULL);
INSERT INTO public.pokemon (id_pokemon, nome, altura, peso, hp, ataque, defesa, ataque_especial, defesa_especial, velocidade, tipo_1, tipo_2, numero_pokedex, fk_pokebola_id) VALUES(69, 'bellsprout', 7.0, 40.0, 50, 75, 35, 70, 30, 40.0, 'grass', 'poison', 69, NULL);
INSERT INTO public.pokemon (id_pokemon, nome, altura, peso, hp, ataque, defesa, ataque_especial, defesa_especial, velocidade, tipo_1, tipo_2, numero_pokedex, fk_pokebola_id) VALUES(70, 'weepinbell', 10.0, 64.0, 65, 90, 50, 85, 45, 55.0, 'grass', 'poison', 70, NULL);
INSERT INTO public.pokemon (id_pokemon, nome, altura, peso, hp, ataque, defesa, ataque_especial, defesa_especial, velocidade, tipo_1, tipo_2, numero_pokedex, fk_pokebola_id) VALUES(71, 'victreebel', 17.0, 155.0, 80, 105, 65, 100, 70, 70.0, 'grass', 'poison', 71, NULL);
INSERT INTO public.pokemon (id_pokemon, nome, altura, peso, hp, ataque, defesa, ataque_especial, defesa_especial, velocidade, tipo_1, tipo_2, numero_pokedex, fk_pokebola_id) VALUES(72, 'tentacool', 9.0, 455.0, 40, 40, 35, 50, 100, 70.0, 'water', 'poison', 72, NULL);
INSERT INTO public.pokemon (id_pokemon, nome, altura, peso, hp, ataque, defesa, ataque_especial, defesa_especial, velocidade, tipo_1, tipo_2, numero_pokedex, fk_pokebola_id) VALUES(73, 'tentacruel', 16.0, 550.0, 80, 70, 65, 80, 120, 100.0, 'water', 'poison', 73, NULL);
INSERT INTO public.pokemon (id_pokemon, nome, altura, peso, hp, ataque, defesa, ataque_especial, defesa_especial, velocidade, tipo_1, tipo_2, numero_pokedex, fk_pokebola_id) VALUES(74, 'geodude', 4.0, 200.0, 40, 80, 100, 30, 30, 20.0, 'rock', 'ground', 74, NULL);
INSERT INTO public.pokemon (id_pokemon, nome, altura, peso, hp, ataque, defesa, ataque_especial, defesa_especial, velocidade, tipo_1, tipo_2, numero_pokedex, fk_pokebola_id) VALUES(75, 'graveler', 10.0, 1050.0, 55, 95, 115, 45, 45, 35.0, 'rock', 'ground', 75, NULL);
INSERT INTO public.pokemon (id_pokemon, nome, altura, peso, hp, ataque, defesa, ataque_especial, defesa_especial, velocidade, tipo_1, tipo_2, numero_pokedex, fk_pokebola_id) VALUES(76, 'golem', 14.0, 3000.0, 80, 120, 130, 55, 65, 45.0, 'rock', 'ground', 76, NULL);
INSERT INTO public.pokemon (id_pokemon, nome, altura, peso, hp, ataque, defesa, ataque_especial, defesa_especial, velocidade, tipo_1, tipo_2, numero_pokedex, fk_pokebola_id) VALUES(79, 'slowpoke', 12.0, 360.0, 90, 65, 65, 40, 40, 15.0, 'water', 'psychic', 79, NULL);
INSERT INTO public.pokemon (id_pokemon, nome, altura, peso, hp, ataque, defesa, ataque_especial, defesa_especial, velocidade, tipo_1, tipo_2, numero_pokedex, fk_pokebola_id) VALUES(80, 'slowbro', 16.0, 785.0, 95, 75, 110, 100, 80, 30.0, 'water', 'psychic', 80, NULL);
INSERT INTO public.pokemon (id_pokemon, nome, altura, peso, hp, ataque, defesa, ataque_especial, defesa_especial, velocidade, tipo_1, tipo_2, numero_pokedex, fk_pokebola_id) VALUES(81, 'magnemite', 3.0, 60.0, 25, 35, 70, 95, 55, 45.0, 'electric', 'steel', 81, NULL);
INSERT INTO public.pokemon (id_pokemon, nome, altura, peso, hp, ataque, defesa, ataque_especial, defesa_especial, velocidade, tipo_1, tipo_2, numero_pokedex, fk_pokebola_id) VALUES(82, 'magneton', 10.0, 600.0, 50, 60, 95, 120, 70, 70.0, 'electric', 'steel', 82, NULL);
INSERT INTO public.pokemon (id_pokemon, nome, altura, peso, hp, ataque, defesa, ataque_especial, defesa_especial, velocidade, tipo_1, tipo_2, numero_pokedex, fk_pokebola_id) VALUES(83, 'farfetchd', 8.0, 150.0, 52, 90, 55, 58, 62, 60.0, 'normal', 'flying', 83, NULL);
INSERT INTO public.pokemon (id_pokemon, nome, altura, peso, hp, ataque, defesa, ataque_especial, defesa_especial, velocidade, tipo_1, tipo_2, numero_pokedex, fk_pokebola_id) VALUES(84, 'doduo', 14.0, 392.0, 35, 85, 45, 35, 35, 75.0, 'normal', 'flying', 84, NULL);
INSERT INTO public.pokemon (id_pokemon, nome, altura, peso, hp, ataque, defesa, ataque_especial, defesa_especial, velocidade, tipo_1, tipo_2, numero_pokedex, fk_pokebola_id) VALUES(85, 'dodrio', 18.0, 852.0, 60, 110, 70, 60, 60, 110.0, 'normal', 'flying', 85, NULL);
INSERT INTO public.pokemon (id_pokemon, nome, altura, peso, hp, ataque, defesa, ataque_especial, defesa_especial, velocidade, tipo_1, tipo_2, numero_pokedex, fk_pokebola_id) VALUES(87, 'dewgong', 17.0, 1200.0, 90, 70, 80, 70, 95, 70.0, 'water', 'ice', 87, NULL);
INSERT INTO public.pokemon (id_pokemon, nome, altura, peso, hp, ataque, defesa, ataque_especial, defesa_especial, velocidade, tipo_1, tipo_2, numero_pokedex, fk_pokebola_id) VALUES(91, 'cloyster', 15.0, 1325.0, 50, 95, 180, 85, 45, 70.0, 'water', 'ice', 91, NULL);
INSERT INTO public.pokemon (id_pokemon, nome, altura, peso, hp, ataque, defesa, ataque_especial, defesa_especial, velocidade, tipo_1, tipo_2, numero_pokedex, fk_pokebola_id) VALUES(92, 'gastly', 13.0, 1.0, 30, 35, 30, 100, 35, 80.0, 'ghost', 'poison', 92, NULL);
INSERT INTO public.pokemon (id_pokemon, nome, altura, peso, hp, ataque, defesa, ataque_especial, defesa_especial, velocidade, tipo_1, tipo_2, numero_pokedex, fk_pokebola_id) VALUES(93, 'haunter', 16.0, 1.0, 45, 50, 45, 115, 55, 95.0, 'ghost', 'poison', 93, NULL);
INSERT INTO public.pokemon (id_pokemon, nome, altura, peso, hp, ataque, defesa, ataque_especial, defesa_especial, velocidade, tipo_1, tipo_2, numero_pokedex, fk_pokebola_id) VALUES(94, 'gengar', 15.0, 405.0, 60, 65, 60, 130, 75, 110.0, 'ghost', 'poison', 94, NULL);
INSERT INTO public.pokemon (id_pokemon, nome, altura, peso, hp, ataque, defesa, ataque_especial, defesa_especial, velocidade, tipo_1, tipo_2, numero_pokedex, fk_pokebola_id) VALUES(95, 'onix', 88.0, 2100.0, 35, 45, 160, 30, 45, 70.0, 'rock', 'ground', 95, NULL);
INSERT INTO public.pokemon (id_pokemon, nome, altura, peso, hp, ataque, defesa, ataque_especial, defesa_especial, velocidade, tipo_1, tipo_2, numero_pokedex, fk_pokebola_id) VALUES(102, 'exeggcute', 4.0, 25.0, 60, 40, 80, 60, 45, 40.0, 'grass', 'psychic', 102, NULL);
INSERT INTO public.pokemon (id_pokemon, nome, altura, peso, hp, ataque, defesa, ataque_especial, defesa_especial, velocidade, tipo_1, tipo_2, numero_pokedex, fk_pokebola_id) VALUES(103, 'exeggutor', 20.0, 1200.0, 95, 95, 85, 125, 75, 55.0, 'grass', 'psychic', 103, NULL);
INSERT INTO public.pokemon (id_pokemon, nome, altura, peso, hp, ataque, defesa, ataque_especial, defesa_especial, velocidade, tipo_1, tipo_2, numero_pokedex, fk_pokebola_id) VALUES(111, 'rhyhorn', 10.0, 1150.0, 80, 85, 95, 30, 30, 25.0, 'ground', 'rock', 111, NULL);
INSERT INTO public.pokemon (id_pokemon, nome, altura, peso, hp, ataque, defesa, ataque_especial, defesa_especial, velocidade, tipo_1, tipo_2, numero_pokedex, fk_pokebola_id) VALUES(112, 'rhydon', 19.0, 1200.0, 105, 130, 120, 45, 45, 40.0, 'ground', 'rock', 112, NULL);
INSERT INTO public.pokemon (id_pokemon, nome, altura, peso, hp, ataque, defesa, ataque_especial, defesa_especial, velocidade, tipo_1, tipo_2, numero_pokedex, fk_pokebola_id) VALUES(121, 'starmie', 11.0, 800.0, 60, 75, 85, 100, 85, 115.0, 'water', 'psychic', 121, NULL);
INSERT INTO public.pokemon (id_pokemon, nome, altura, peso, hp, ataque, defesa, ataque_especial, defesa_especial, velocidade, tipo_1, tipo_2, numero_pokedex, fk_pokebola_id) VALUES(122, 'mr-mime', 13.0, 545.0, 40, 45, 65, 100, 120, 90.0, 'psychic', 'fairy', 122, NULL);
INSERT INTO public.pokemon (id_pokemon, nome, altura, peso, hp, ataque, defesa, ataque_especial, defesa_especial, velocidade, tipo_1, tipo_2, numero_pokedex, fk_pokebola_id) VALUES(123, 'scyther', 15.0, 560.0, 70, 110, 80, 55, 80, 105.0, 'bug', 'flying', 123, NULL);
INSERT INTO public.pokemon (id_pokemon, nome, altura, peso, hp, ataque, defesa, ataque_especial, defesa_especial, velocidade, tipo_1, tipo_2, numero_pokedex, fk_pokebola_id) VALUES(124, 'jynx', 14.0, 406.0, 65, 50, 35, 115, 95, 95.0, 'ice', 'psychic', 124, NULL);
INSERT INTO public.pokemon (id_pokemon, nome, altura, peso, hp, ataque, defesa, ataque_especial, defesa_especial, velocidade, tipo_1, tipo_2, numero_pokedex, fk_pokebola_id) VALUES(130, 'gyarados', 65.0, 2350.0, 95, 125, 79, 60, 100, 81.0, 'water', 'flying', 130, NULL);
INSERT INTO public.pokemon (id_pokemon, nome, altura, peso, hp, ataque, defesa, ataque_especial, defesa_especial, velocidade, tipo_1, tipo_2, numero_pokedex, fk_pokebola_id) VALUES(131, 'lapras', 25.0, 2200.0, 130, 85, 80, 85, 95, 60.0, 'water', 'ice', 131, NULL);
INSERT INTO public.pokemon (id_pokemon, nome, altura, peso, hp, ataque, defesa, ataque_especial, defesa_especial, velocidade, tipo_1, tipo_2, numero_pokedex, fk_pokebola_id) VALUES(138, 'omanyte', 4.0, 75.0, 35, 40, 100, 90, 55, 35.0, 'rock', 'water', 138, NULL);
INSERT INTO public.pokemon (id_pokemon, nome, altura, peso, hp, ataque, defesa, ataque_especial, defesa_especial, velocidade, tipo_1, tipo_2, numero_pokedex, fk_pokebola_id) VALUES(139, 'omastar', 10.0, 350.0, 70, 60, 125, 115, 70, 55.0, 'rock', 'water', 139, NULL);
INSERT INTO public.pokemon (id_pokemon, nome, altura, peso, hp, ataque, defesa, ataque_especial, defesa_especial, velocidade, tipo_1, tipo_2, numero_pokedex, fk_pokebola_id) VALUES(140, 'kabuto', 5.0, 115.0, 30, 80, 90, 55, 45, 55.0, 'rock', 'water', 140, NULL);
INSERT INTO public.pokemon (id_pokemon, nome, altura, peso, hp, ataque, defesa, ataque_especial, defesa_especial, velocidade, tipo_1, tipo_2, numero_pokedex, fk_pokebola_id) VALUES(141, 'kabutops', 13.0, 405.0, 60, 115, 105, 65, 70, 80.0, 'rock', 'water', 141, NULL);
INSERT INTO public.pokemon (id_pokemon, nome, altura, peso, hp, ataque, defesa, ataque_especial, defesa_especial, velocidade, tipo_1, tipo_2, numero_pokedex, fk_pokebola_id) VALUES(142, 'aerodactyl', 18.0, 590.0, 80, 105, 65, 60, 75, 130.0, 'rock', 'flying', 142, NULL);
INSERT INTO public.pokemon (id_pokemon, nome, altura, peso, hp, ataque, defesa, ataque_especial, defesa_especial, velocidade, tipo_1, tipo_2, numero_pokedex, fk_pokebola_id) VALUES(144, 'articuno', 17.0, 554.0, 90, 85, 100, 95, 125, 85.0, 'ice', 'flying', 144, NULL);
INSERT INTO public.pokemon (id_pokemon, nome, altura, peso, hp, ataque, defesa, ataque_especial, defesa_especial, velocidade, tipo_1, tipo_2, numero_pokedex, fk_pokebola_id) VALUES(145, 'zapdos', 16.0, 526.0, 90, 90, 85, 125, 90, 100.0, 'electric', 'flying', 145, NULL);
INSERT INTO public.pokemon (id_pokemon, nome, altura, peso, hp, ataque, defesa, ataque_especial, defesa_especial, velocidade, tipo_1, tipo_2, numero_pokedex, fk_pokebola_id) VALUES(146, 'moltres', 20.0, 600.0, 90, 100, 90, 125, 85, 90.0, 'fire', 'flying', 146, NULL);
INSERT INTO public.pokemon (id_pokemon, nome, altura, peso, hp, ataque, defesa, ataque_especial, defesa_especial, velocidade, tipo_1, tipo_2, numero_pokedex, fk_pokebola_id) VALUES(149, 'dragonite', 22.0, 2100.0, 91, 134, 95, 100, 100, 80.0, 'dragon', 'flying', 149, NULL);

/* Inserções na tabela Habilidades */

INSERT INTO public.habilidade (id, nome, descricao, dano) VALUES(0, 'razor-wind', 'Inflicts regular damage.  User''s critical hit rate is one level higher when using this move.  User charges for one turn before attacking.

This move cannot be selected by sleep talk.', 80);
INSERT INTO public.habilidade (id, nome, descricao, dano) VALUES(1, 'cut', 'Inflicts regular damage.', 50);
INSERT INTO public.habilidade (id, nome, descricao, dano) VALUES(2, 'bind', 'Inflicts regular damage.  For the next 2–5 turns, the target cannot leave the field and is damaged for 1/16 its max HP at the end of each turn.  The user continues to use other moves during this time.  If the user leaves the field, this effect ends.

Has a 3/8 chance each to hit 2 or 3 times, and a 1/8 chance each to hit 4 or 5 times.  Averages to 3 hits per use.

rapid spin cancels this effect.', 15);
INSERT INTO public.habilidade (id, nome, descricao, dano) VALUES(3, 'vine-whip', 'Inflicts regular damage.', 45);
INSERT INTO public.habilidade (id, nome, descricao, dano) VALUES(4, 'cut', 'Inflicts regular damage.', 50);
INSERT INTO public.habilidade (id, nome, descricao, dano) VALUES(5, 'bind', 'Inflicts regular damage.  For the next 2–5 turns, the target cannot leave the field and is damaged for 1/16 its max HP at the end of each turn.  The user continues to use other moves during this time.  If the user leaves the field, this effect ends.

Has a 3/8 chance each to hit 2 or 3 times, and a 1/8 chance each to hit 4 or 5 times.  Averages to 3 hits per use.

rapid spin cancels this effect.', 15);
INSERT INTO public.habilidade (id, nome, descricao, dano) VALUES(6, 'vine-whip', 'Inflicts regular damage.', 45);
INSERT INTO public.habilidade (id, nome, descricao, dano) VALUES(7, 'headbutt', 'Inflicts regular damage.  Has a $effect_chance% chance to make the target flinch.', 70);
INSERT INTO public.habilidade (id, nome, descricao, dano) VALUES(8, 'cut', 'Inflicts regular damage.', 50);
INSERT INTO public.habilidade (id, nome, descricao, dano) VALUES(9, 'bind', 'Inflicts regular damage.  For the next 2–5 turns, the target cannot leave the field and is damaged for 1/16 its max HP at the end of each turn.  The user continues to use other moves during this time.  If the user leaves the field, this effect ends.

Has a 3/8 chance each to hit 2 or 3 times, and a 1/8 chance each to hit 4 or 5 times.  Averages to 3 hits per use.

rapid spin cancels this effect.', 15);
INSERT INTO public.habilidade (id, nome, descricao, dano) VALUES(10, 'vine-whip', 'Inflicts regular damage.', 45);
INSERT INTO public.habilidade (id, nome, descricao, dano) VALUES(11, 'headbutt', 'Inflicts regular damage.  Has a $effect_chance% chance to make the target flinch.', 70);
INSERT INTO public.habilidade (id, nome, descricao, dano) VALUES(12, 'mega-punch', 'Inflicts regular damage.', 80);
INSERT INTO public.habilidade (id, nome, descricao, dano) VALUES(13, 'fire-punch', 'Inflicts regular damage.  Has a $effect_chance% chance to burn the target.', 75);
INSERT INTO public.habilidade (id, nome, descricao, dano) VALUES(14, 'thunder-punch', 'Inflicts regular damage.  Has a $effect_chance% chance to paralyze the target.', 75);
INSERT INTO public.habilidade (id, nome, descricao, dano) VALUES(15, 'scratch', 'Inflicts regular damage.', 40);
INSERT INTO public.habilidade (id, nome, descricao, dano) VALUES(16, 'mega-punch', 'Inflicts regular damage.', 80);
INSERT INTO public.habilidade (id, nome, descricao, dano) VALUES(17, 'fire-punch', 'Inflicts regular damage.  Has a $effect_chance% chance to burn the target.', 75);
INSERT INTO public.habilidade (id, nome, descricao, dano) VALUES(18, 'thunder-punch', 'Inflicts regular damage.  Has a $effect_chance% chance to paralyze the target.', 75);
INSERT INTO public.habilidade (id, nome, descricao, dano) VALUES(19, 'scratch', 'Inflicts regular damage.', 40);
INSERT INTO public.habilidade (id, nome, descricao, dano) VALUES(20, 'mega-punch', 'Inflicts regular damage.', 80);
INSERT INTO public.habilidade (id, nome, descricao, dano) VALUES(21, 'fire-punch', 'Inflicts regular damage.  Has a $effect_chance% chance to burn the target.', 75);
INSERT INTO public.habilidade (id, nome, descricao, dano) VALUES(22, 'thunder-punch', 'Inflicts regular damage.  Has a $effect_chance% chance to paralyze the target.', 75);
INSERT INTO public.habilidade (id, nome, descricao, dano) VALUES(23, 'scratch', 'Inflicts regular damage.', 40);
INSERT INTO public.habilidade (id, nome, descricao, dano) VALUES(24, 'mega-punch', 'Inflicts regular damage.', 80);
INSERT INTO public.habilidade (id, nome, descricao, dano) VALUES(25, 'ice-punch', 'Inflicts regular damage.  Has a $effect_chance% chance to freeze the target.', 75);
INSERT INTO public.habilidade (id, nome, descricao, dano) VALUES(26, 'mega-kick', 'Inflicts regular damage.', 120);
INSERT INTO public.habilidade (id, nome, descricao, dano) VALUES(27, 'headbutt', 'Inflicts regular damage.  Has a $effect_chance% chance to make the target flinch.', 70);
INSERT INTO public.habilidade (id, nome, descricao, dano) VALUES(28, 'mega-punch', 'Inflicts regular damage.', 80);
INSERT INTO public.habilidade (id, nome, descricao, dano) VALUES(29, 'ice-punch', 'Inflicts regular damage.  Has a $effect_chance% chance to freeze the target.', 75);
INSERT INTO public.habilidade (id, nome, descricao, dano) VALUES(30, 'mega-kick', 'Inflicts regular damage.', 120);
INSERT INTO public.habilidade (id, nome, descricao, dano) VALUES(31, 'headbutt', 'Inflicts regular damage.  Has a $effect_chance% chance to make the target flinch.', 70);
INSERT INTO public.habilidade (id, nome, descricao, dano) VALUES(32, 'mega-punch', 'Inflicts regular damage.', 80);
INSERT INTO public.habilidade (id, nome, descricao, dano) VALUES(33, 'ice-punch', 'Inflicts regular damage.  Has a $effect_chance% chance to freeze the target.', 75);
INSERT INTO public.habilidade (id, nome, descricao, dano) VALUES(34, 'mega-kick', 'Inflicts regular damage.', 120);
INSERT INTO public.habilidade (id, nome, descricao, dano) VALUES(35, 'headbutt', 'Inflicts regular damage.  Has a $effect_chance% chance to make the target flinch.', 70);
INSERT INTO public.habilidade (id, nome, descricao, dano) VALUES(36, 'tackle', 'Inflicts regular damage.', 40);
INSERT INTO public.habilidade (id, nome, descricao, dano) VALUES(37, 'snore', 'Only usable if the user is sleeping.  Inflicts regular damage.  Has a $effect_chance% chance to make the target flinch.', 50);
INSERT INTO public.habilidade (id, nome, descricao, dano) VALUES(38, 'bug-bite', 'Inflicts regular damage.  If the target is holding a berry, this move has double power, and the user takes the berry and uses it immediately.

If the target is holding a jaboca berry or rowap berry, the berry is still removed, but has no effect.

If this move is super effective and the target is holding a berry that can reduce this move''s damage, it will do so, and will not be stolen.', 60);
INSERT INTO public.habilidade (id, nome, descricao, dano) VALUES(39, 'electroweb', 'Lowers the target''s Speed by one stage.', 55);
INSERT INTO public.habilidade (id, nome, descricao, dano) VALUES(40, 'bug-bite', 'Inflicts regular damage.  If the target is holding a berry, this move has double power, and the user takes the berry and uses it immediately.

If the target is holding a jaboca berry or rowap berry, the berry is still removed, but has no effect.

If this move is super effective and the target is holding a berry that can reduce this move''s damage, it will do so, and will not be stolen.', 60);
INSERT INTO public.habilidade (id, nome, descricao, dano) VALUES(41, 'electroweb', 'Lowers the target''s Speed by one stage.', 55);
INSERT INTO public.habilidade (id, nome, descricao, dano) VALUES(42, 'razor-wind', 'Inflicts regular damage.  User''s critical hit rate is one level higher when using this move.  User charges for one turn before attacking.

This move cannot be selected by sleep talk.', 80);
INSERT INTO public.habilidade (id, nome, descricao, dano) VALUES(43, 'gust', 'Inflicts regular damage.

If the target is under the effect of bounce, fly, or sky drop, this move will hit with double power.', 40);
INSERT INTO public.habilidade (id, nome, descricao, dano) VALUES(44, 'poison-sting', 'Inflicts regular damage.  Has a $effect_chance% chance to poison the target.', 15);
INSERT INTO public.habilidade (id, nome, descricao, dano) VALUES(45, 'bug-bite', 'Inflicts regular damage.  If the target is holding a berry, this move has double power, and the user takes the berry and uses it immediately.

If the target is holding a jaboca berry or rowap berry, the berry is still removed, but has no effect.

If this move is super effective and the target is holding a berry that can reduce this move''s damage, it will do so, and will not be stolen.', 60);
INSERT INTO public.habilidade (id, nome, descricao, dano) VALUES(46, 'electroweb', 'Lowers the target''s Speed by one stage.', 55);
INSERT INTO public.habilidade (id, nome, descricao, dano) VALUES(47, 'bug-bite', 'Inflicts regular damage.  If the target is holding a berry, this move has double power, and the user takes the berry and uses it immediately.

If the target is holding a jaboca berry or rowap berry, the berry is still removed, but has no effect.

If this move is super effective and the target is holding a berry that can reduce this move''s damage, it will do so, and will not be stolen.', 60);
INSERT INTO public.habilidade (id, nome, descricao, dano) VALUES(48, 'cut', 'Inflicts regular damage.', 50);
INSERT INTO public.habilidade (id, nome, descricao, dano) VALUES(49, 'headbutt', 'Inflicts regular damage.  Has a $effect_chance% chance to make the target flinch.', 70);
INSERT INTO public.habilidade (id, nome, descricao, dano) VALUES(50, 'fury-attack', 'Inflicts regular damage.  Hits 2–5 times in one turn.

Has a 3/8 chance each to hit 2 or 3 times, and a 1/8 chance each to hit 4 or 5 times.  Averages to 3 hits per use.', 15);
INSERT INTO public.habilidade (id, nome, descricao, dano) VALUES(51, 'take-down', 'Inflicts regular damage.  User takes 1/4 the damage it inflicts in recoil.', 90);
INSERT INTO public.habilidade (id, nome, descricao, dano) VALUES(52, 'razor-wind', 'Inflicts regular damage.  User''s critical hit rate is one level higher when using this move.  User charges for one turn before attacking.

This move cannot be selected by sleep talk.', 80);
INSERT INTO public.habilidade (id, nome, descricao, dano) VALUES(53, 'gust', 'Inflicts regular damage.

If the target is under the effect of bounce, fly, or sky drop, this move will hit with double power.', 40);
INSERT INTO public.habilidade (id, nome, descricao, dano) VALUES(54, 'wing-attack', 'Inflicts regular damage.', 60);
INSERT INTO public.habilidade (id, nome, descricao, dano) VALUES(55, 'fly', 'Inflicts regular damage.  User flies high into the air for one turn, becoming immune to attack, and hits on the second turn.

During the immune turn, gust, hurricane, sky uppercut, smack down, thunder, twister, and whirlwind still hit the user normally.  gust and twister also have double power against the user.

The damage from hail and sandstorm still applies during the immune turn.

The user may be hit during its immune turn if under the effect of lock on, mind reader, or no guard.

This move cannot be used while gravity is in effect.

This move cannot be selected by sleep talk.', 90);
INSERT INTO public.habilidade (id, nome, descricao, dano) VALUES(56, 'razor-wind', 'Inflicts regular damage.  User''s critical hit rate is one level higher when using this move.  User charges for one turn before attacking.

This move cannot be selected by sleep talk.', 80);
INSERT INTO public.habilidade (id, nome, descricao, dano) VALUES(57, 'gust', 'Inflicts regular damage.

If the target is under the effect of bounce, fly, or sky drop, this move will hit with double power.', 40);
INSERT INTO public.habilidade (id, nome, descricao, dano) VALUES(58, 'wing-attack', 'Inflicts regular damage.', 60);
INSERT INTO public.habilidade (id, nome, descricao, dano) VALUES(59, 'fly', 'Inflicts regular damage.  User flies high into the air for one turn, becoming immune to attack, and hits on the second turn.

During the immune turn, gust, hurricane, sky uppercut, smack down, thunder, twister, and whirlwind still hit the user normally.  gust and twister also have double power against the user.

The damage from hail and sandstorm still applies during the immune turn.

The user may be hit during its immune turn if under the effect of lock on, mind reader, or no guard.

This move cannot be used while gravity is in effect.

This move cannot be selected by sleep talk.', 90);
INSERT INTO public.habilidade (id, nome, descricao, dano) VALUES(60, 'razor-wind', 'Inflicts regular damage.  User''s critical hit rate is one level higher when using this move.  User charges for one turn before attacking.

This move cannot be selected by sleep talk.', 80);
INSERT INTO public.habilidade (id, nome, descricao, dano) VALUES(61, 'gust', 'Inflicts regular damage.

If the target is under the effect of bounce, fly, or sky drop, this move will hit with double power.', 40);
INSERT INTO public.habilidade (id, nome, descricao, dano) VALUES(62, 'wing-attack', 'Inflicts regular damage.', 60);
INSERT INTO public.habilidade (id, nome, descricao, dano) VALUES(63, 'fly', 'Inflicts regular damage.  User flies high into the air for one turn, becoming immune to attack, and hits on the second turn.

During the immune turn, gust, hurricane, sky uppercut, smack down, thunder, twister, and whirlwind still hit the user normally.  gust and twister also have double power against the user.

The damage from hail and sandstorm still applies during the immune turn.

The user may be hit during its immune turn if under the effect of lock on, mind reader, or no guard.

This move cannot be used while gravity is in effect.

This move cannot be selected by sleep talk.', 90);
INSERT INTO public.habilidade (id, nome, descricao, dano) VALUES(64, 'cut', 'Inflicts regular damage.', 50);
INSERT INTO public.habilidade (id, nome, descricao, dano) VALUES(65, 'headbutt', 'Inflicts regular damage.  Has a $effect_chance% chance to make the target flinch.', 70);
INSERT INTO public.habilidade (id, nome, descricao, dano) VALUES(66, 'tackle', 'Inflicts regular damage.', 40);
INSERT INTO public.habilidade (id, nome, descricao, dano) VALUES(67, 'body-slam', 'Inflicts regular damage.  Has a $effect_chance% chance to paralyze the target.', 85);
INSERT INTO public.habilidade (id, nome, descricao, dano) VALUES(68, 'cut', 'Inflicts regular damage.', 50);
INSERT INTO public.habilidade (id, nome, descricao, dano) VALUES(69, 'headbutt', 'Inflicts regular damage.  Has a $effect_chance% chance to make the target flinch.', 70);
INSERT INTO public.habilidade (id, nome, descricao, dano) VALUES(70, 'tackle', 'Inflicts regular damage.', 40);
INSERT INTO public.habilidade (id, nome, descricao, dano) VALUES(71, 'body-slam', 'Inflicts regular damage.  Has a $effect_chance% chance to paralyze the target.', 85);
INSERT INTO public.habilidade (id, nome, descricao, dano) VALUES(72, 'razor-wind', 'Inflicts regular damage.  User''s critical hit rate is one level higher when using this move.  User charges for one turn before attacking.

This move cannot be selected by sleep talk.', 80);
INSERT INTO public.habilidade (id, nome, descricao, dano) VALUES(73, 'fly', 'Inflicts regular damage.  User flies high into the air for one turn, becoming immune to attack, and hits on the second turn.

During the immune turn, gust, hurricane, sky uppercut, smack down, thunder, twister, and whirlwind still hit the user normally.  gust and twister also have double power against the user.

The damage from hail and sandstorm still applies during the immune turn.

The user may be hit during its immune turn if under the effect of lock on, mind reader, or no guard.

This move cannot be used while gravity is in effect.

This move cannot be selected by sleep talk.', 90);
INSERT INTO public.habilidade (id, nome, descricao, dano) VALUES(74, 'headbutt', 'Inflicts regular damage.  Has a $effect_chance% chance to make the target flinch.', 70);
INSERT INTO public.habilidade (id, nome, descricao, dano) VALUES(75, 'fury-attack', 'Inflicts regular damage.  Hits 2–5 times in one turn.

Has a 3/8 chance each to hit 2 or 3 times, and a 1/8 chance each to hit 4 or 5 times.  Averages to 3 hits per use.', 15);
INSERT INTO public.habilidade (id, nome, descricao, dano) VALUES(76, 'razor-wind', 'Inflicts regular damage.  User''s critical hit rate is one level higher when using this move.  User charges for one turn before attacking.

This move cannot be selected by sleep talk.', 80);
INSERT INTO public.habilidade (id, nome, descricao, dano) VALUES(77, 'fly', 'Inflicts regular damage.  User flies high into the air for one turn, becoming immune to attack, and hits on the second turn.

During the immune turn, gust, hurricane, sky uppercut, smack down, thunder, twister, and whirlwind still hit the user normally.  gust and twister also have double power against the user.

The damage from hail and sandstorm still applies during the immune turn.

The user may be hit during its immune turn if under the effect of lock on, mind reader, or no guard.

This move cannot be used while gravity is in effect.

This move cannot be selected by sleep talk.', 90);
INSERT INTO public.habilidade (id, nome, descricao, dano) VALUES(78, 'headbutt', 'Inflicts regular damage.  Has a $effect_chance% chance to make the target flinch.', 70);
INSERT INTO public.habilidade (id, nome, descricao, dano) VALUES(79, 'fury-attack', 'Inflicts regular damage.  Hits 2–5 times in one turn.

Has a 3/8 chance each to hit 2 or 3 times, and a 1/8 chance each to hit 4 or 5 times.  Averages to 3 hits per use.', 15);
INSERT INTO public.habilidade (id, nome, descricao, dano) VALUES(80, 'bind', 'Inflicts regular damage.  For the next 2–5 turns, the target cannot leave the field and is damaged for 1/16 its max HP at the end of each turn.  The user continues to use other moves during this time.  If the user leaves the field, this effect ends.

Has a 3/8 chance each to hit 2 or 3 times, and a 1/8 chance each to hit 4 or 5 times.  Averages to 3 hits per use.

rapid spin cancels this effect.', 15);
INSERT INTO public.habilidade (id, nome, descricao, dano) VALUES(81, 'slam', 'Inflicts regular damage.', 80);
INSERT INTO public.habilidade (id, nome, descricao, dano) VALUES(82, 'headbutt', 'Inflicts regular damage.  Has a $effect_chance% chance to make the target flinch.', 70);
INSERT INTO public.habilidade (id, nome, descricao, dano) VALUES(83, 'body-slam', 'Inflicts regular damage.  Has a $effect_chance% chance to paralyze the target.', 85);
INSERT INTO public.habilidade (id, nome, descricao, dano) VALUES(84, 'bind', 'Inflicts regular damage.  For the next 2–5 turns, the target cannot leave the field and is damaged for 1/16 its max HP at the end of each turn.  The user continues to use other moves during this time.  If the user leaves the field, this effect ends.

Has a 3/8 chance each to hit 2 or 3 times, and a 1/8 chance each to hit 4 or 5 times.  Averages to 3 hits per use.

rapid spin cancels this effect.', 15);
INSERT INTO public.habilidade (id, nome, descricao, dano) VALUES(85, 'slam', 'Inflicts regular damage.', 80);
INSERT INTO public.habilidade (id, nome, descricao, dano) VALUES(86, 'headbutt', 'Inflicts regular damage.  Has a $effect_chance% chance to make the target flinch.', 70);
INSERT INTO public.habilidade (id, nome, descricao, dano) VALUES(446, 'slam', 'Inflicts regular damage.', 80);
INSERT INTO public.habilidade (id, nome, descricao, dano) VALUES(87, 'body-slam', 'Inflicts regular damage.  Has a $effect_chance% chance to paralyze the target.', 85);
INSERT INTO public.habilidade (id, nome, descricao, dano) VALUES(88, 'mega-punch', 'Inflicts regular damage.', 80);
INSERT INTO public.habilidade (id, nome, descricao, dano) VALUES(89, 'pay-day', 'Inflicts regular damage.  After the battle ends, the winner receives five times the user''s level in extra money for each time this move was used.', 40);
INSERT INTO public.habilidade (id, nome, descricao, dano) VALUES(90, 'thunder-punch', 'Inflicts regular damage.  Has a $effect_chance% chance to paralyze the target.', 75);
INSERT INTO public.habilidade (id, nome, descricao, dano) VALUES(91, 'slam', 'Inflicts regular damage.', 80);
INSERT INTO public.habilidade (id, nome, descricao, dano) VALUES(92, 'mega-punch', 'Inflicts regular damage.', 80);
INSERT INTO public.habilidade (id, nome, descricao, dano) VALUES(93, 'pay-day', 'Inflicts regular damage.  After the battle ends, the winner receives five times the user''s level in extra money for each time this move was used.', 40);
INSERT INTO public.habilidade (id, nome, descricao, dano) VALUES(94, 'thunder-punch', 'Inflicts regular damage.  Has a $effect_chance% chance to paralyze the target.', 75);
INSERT INTO public.habilidade (id, nome, descricao, dano) VALUES(95, 'slam', 'Inflicts regular damage.', 80);
INSERT INTO public.habilidade (id, nome, descricao, dano) VALUES(96, 'scratch', 'Inflicts regular damage.', 40);
INSERT INTO public.habilidade (id, nome, descricao, dano) VALUES(97, 'cut', 'Inflicts regular damage.', 50);
INSERT INTO public.habilidade (id, nome, descricao, dano) VALUES(98, 'headbutt', 'Inflicts regular damage.  Has a $effect_chance% chance to make the target flinch.', 70);
INSERT INTO public.habilidade (id, nome, descricao, dano) VALUES(99, 'body-slam', 'Inflicts regular damage.  Has a $effect_chance% chance to paralyze the target.', 85);
INSERT INTO public.habilidade (id, nome, descricao, dano) VALUES(100, 'scratch', 'Inflicts regular damage.', 40);
INSERT INTO public.habilidade (id, nome, descricao, dano) VALUES(101, 'cut', 'Inflicts regular damage.', 50);
INSERT INTO public.habilidade (id, nome, descricao, dano) VALUES(102, 'headbutt', 'Inflicts regular damage.  Has a $effect_chance% chance to make the target flinch.', 70);
INSERT INTO public.habilidade (id, nome, descricao, dano) VALUES(103, 'body-slam', 'Inflicts regular damage.  Has a $effect_chance% chance to paralyze the target.', 85);
INSERT INTO public.habilidade (id, nome, descricao, dano) VALUES(104, 'scratch', 'Inflicts regular damage.', 40);
INSERT INTO public.habilidade (id, nome, descricao, dano) VALUES(105, 'cut', 'Inflicts regular damage.', 50);
INSERT INTO public.habilidade (id, nome, descricao, dano) VALUES(106, 'double-kick', 'Inflicts regular damage.  Hits twice in one turn.', 30);
INSERT INTO public.habilidade (id, nome, descricao, dano) VALUES(107, 'headbutt', 'Inflicts regular damage.  Has a $effect_chance% chance to make the target flinch.', 70);
INSERT INTO public.habilidade (id, nome, descricao, dano) VALUES(108, 'scratch', 'Inflicts regular damage.', 40);
INSERT INTO public.habilidade (id, nome, descricao, dano) VALUES(109, 'cut', 'Inflicts regular damage.', 50);
INSERT INTO public.habilidade (id, nome, descricao, dano) VALUES(110, 'double-kick', 'Inflicts regular damage.  Hits twice in one turn.', 30);
INSERT INTO public.habilidade (id, nome, descricao, dano) VALUES(111, 'headbutt', 'Inflicts regular damage.  Has a $effect_chance% chance to make the target flinch.', 70);
INSERT INTO public.habilidade (id, nome, descricao, dano) VALUES(112, 'mega-punch', 'Inflicts regular damage.', 80);
INSERT INTO public.habilidade (id, nome, descricao, dano) VALUES(113, 'pay-day', 'Inflicts regular damage.  After the battle ends, the winner receives five times the user''s level in extra money for each time this move was used.', 40);
INSERT INTO public.habilidade (id, nome, descricao, dano) VALUES(114, 'fire-punch', 'Inflicts regular damage.  Has a $effect_chance% chance to burn the target.', 75);
INSERT INTO public.habilidade (id, nome, descricao, dano) VALUES(115, 'ice-punch', 'Inflicts regular damage.  Has a $effect_chance% chance to freeze the target.', 75);
INSERT INTO public.habilidade (id, nome, descricao, dano) VALUES(116, 'cut', 'Inflicts regular damage.', 50);
INSERT INTO public.habilidade (id, nome, descricao, dano) VALUES(117, 'double-kick', 'Inflicts regular damage.  Hits twice in one turn.', 30);
INSERT INTO public.habilidade (id, nome, descricao, dano) VALUES(118, 'headbutt', 'Inflicts regular damage.  Has a $effect_chance% chance to make the target flinch.', 70);
INSERT INTO public.habilidade (id, nome, descricao, dano) VALUES(119, 'horn-attack', 'Inflicts regular damage.', 65);
INSERT INTO public.habilidade (id, nome, descricao, dano) VALUES(120, 'cut', 'Inflicts regular damage.', 50);
INSERT INTO public.habilidade (id, nome, descricao, dano) VALUES(121, 'double-kick', 'Inflicts regular damage.  Hits twice in one turn.', 30);
INSERT INTO public.habilidade (id, nome, descricao, dano) VALUES(122, 'headbutt', 'Inflicts regular damage.  Has a $effect_chance% chance to make the target flinch.', 70);
INSERT INTO public.habilidade (id, nome, descricao, dano) VALUES(123, 'horn-attack', 'Inflicts regular damage.', 65);
INSERT INTO public.habilidade (id, nome, descricao, dano) VALUES(124, 'mega-punch', 'Inflicts regular damage.', 80);
INSERT INTO public.habilidade (id, nome, descricao, dano) VALUES(125, 'pay-day', 'Inflicts regular damage.  After the battle ends, the winner receives five times the user''s level in extra money for each time this move was used.', 40);
INSERT INTO public.habilidade (id, nome, descricao, dano) VALUES(126, 'fire-punch', 'Inflicts regular damage.  Has a $effect_chance% chance to burn the target.', 75);
INSERT INTO public.habilidade (id, nome, descricao, dano) VALUES(127, 'ice-punch', 'Inflicts regular damage.  Has a $effect_chance% chance to freeze the target.', 75);
INSERT INTO public.habilidade (id, nome, descricao, dano) VALUES(128, 'pound', 'Inflicts regular damage.', 40);
INSERT INTO public.habilidade (id, nome, descricao, dano) VALUES(129, 'double-slap', 'Inflicts regular damage.  Hits 2–5 times in one turn.

Has a 3/8 chance each to hit 2 or 3 times, and a 1/8 chance each to hit 4 or 5 times.  Averages to 3 hits per use.', 15);
INSERT INTO public.habilidade (id, nome, descricao, dano) VALUES(130, 'mega-punch', 'Inflicts regular damage.', 80);
INSERT INTO public.habilidade (id, nome, descricao, dano) VALUES(131, 'fire-punch', 'Inflicts regular damage.  Has a $effect_chance% chance to burn the target.', 75);
INSERT INTO public.habilidade (id, nome, descricao, dano) VALUES(132, 'pound', 'Inflicts regular damage.', 40);
INSERT INTO public.habilidade (id, nome, descricao, dano) VALUES(133, 'double-slap', 'Inflicts regular damage.  Hits 2–5 times in one turn.

Has a 3/8 chance each to hit 2 or 3 times, and a 1/8 chance each to hit 4 or 5 times.  Averages to 3 hits per use.', 15);
INSERT INTO public.habilidade (id, nome, descricao, dano) VALUES(134, 'mega-punch', 'Inflicts regular damage.', 80);
INSERT INTO public.habilidade (id, nome, descricao, dano) VALUES(135, 'fire-punch', 'Inflicts regular damage.  Has a $effect_chance% chance to burn the target.', 75);
INSERT INTO public.habilidade (id, nome, descricao, dano) VALUES(136, 'headbutt', 'Inflicts regular damage.  Has a $effect_chance% chance to make the target flinch.', 70);
INSERT INTO public.habilidade (id, nome, descricao, dano) VALUES(137, 'tackle', 'Inflicts regular damage.', 40);
INSERT INTO public.habilidade (id, nome, descricao, dano) VALUES(138, 'body-slam', 'Inflicts regular damage.  Has a $effect_chance% chance to paralyze the target.', 85);
INSERT INTO public.habilidade (id, nome, descricao, dano) VALUES(139, 'take-down', 'Inflicts regular damage.  User takes 1/4 the damage it inflicts in recoil.', 90);
INSERT INTO public.habilidade (id, nome, descricao, dano) VALUES(140, 'headbutt', 'Inflicts regular damage.  Has a $effect_chance% chance to make the target flinch.', 70);
INSERT INTO public.habilidade (id, nome, descricao, dano) VALUES(141, 'tackle', 'Inflicts regular damage.', 40);
INSERT INTO public.habilidade (id, nome, descricao, dano) VALUES(142, 'body-slam', 'Inflicts regular damage.  Has a $effect_chance% chance to paralyze the target.', 85);
INSERT INTO public.habilidade (id, nome, descricao, dano) VALUES(143, 'take-down', 'Inflicts regular damage.  User takes 1/4 the damage it inflicts in recoil.', 90);
INSERT INTO public.habilidade (id, nome, descricao, dano) VALUES(144, 'pound', 'Inflicts regular damage.', 40);
INSERT INTO public.habilidade (id, nome, descricao, dano) VALUES(145, 'double-slap', 'Inflicts regular damage.  Hits 2–5 times in one turn.

Has a 3/8 chance each to hit 2 or 3 times, and a 1/8 chance each to hit 4 or 5 times.  Averages to 3 hits per use.', 15);
INSERT INTO public.habilidade (id, nome, descricao, dano) VALUES(146, 'mega-punch', 'Inflicts regular damage.', 80);
INSERT INTO public.habilidade (id, nome, descricao, dano) VALUES(147, 'fire-punch', 'Inflicts regular damage.  Has a $effect_chance% chance to burn the target.', 75);
INSERT INTO public.habilidade (id, nome, descricao, dano) VALUES(148, 'pound', 'Inflicts regular damage.', 40);
INSERT INTO public.habilidade (id, nome, descricao, dano) VALUES(149, 'double-slap', 'Inflicts regular damage.  Hits 2–5 times in one turn.

Has a 3/8 chance each to hit 2 or 3 times, and a 1/8 chance each to hit 4 or 5 times.  Averages to 3 hits per use.', 15);
INSERT INTO public.habilidade (id, nome, descricao, dano) VALUES(150, 'mega-punch', 'Inflicts regular damage.', 80);
INSERT INTO public.habilidade (id, nome, descricao, dano) VALUES(151, 'fire-punch', 'Inflicts regular damage.  Has a $effect_chance% chance to burn the target.', 75);
INSERT INTO public.habilidade (id, nome, descricao, dano) VALUES(152, 'razor-wind', 'Inflicts regular damage.  User''s critical hit rate is one level higher when using this move.  User charges for one turn before attacking.

This move cannot be selected by sleep talk.', 80);
INSERT INTO public.habilidade (id, nome, descricao, dano) VALUES(153, 'gust', 'Inflicts regular damage.

If the target is under the effect of bounce, fly, or sky drop, this move will hit with double power.', 40);
INSERT INTO public.habilidade (id, nome, descricao, dano) VALUES(154, 'wing-attack', 'Inflicts regular damage.', 60);
INSERT INTO public.habilidade (id, nome, descricao, dano) VALUES(215, 'fire-punch', 'Inflicts regular damage.  Has a $effect_chance% chance to burn the target.', 75);
INSERT INTO public.habilidade (id, nome, descricao, dano) VALUES(216, 'karate-chop', 'Inflicts regular damage.  User''s critical hit rate is one level higher when using this move.', 50);
INSERT INTO public.habilidade (id, nome, descricao, dano) VALUES(217, 'mega-punch', 'Inflicts regular damage.', 80);
INSERT INTO public.habilidade (id, nome, descricao, dano) VALUES(155, 'fly', 'Inflicts regular damage.  User flies high into the air for one turn, becoming immune to attack, and hits on the second turn.

During the immune turn, gust, hurricane, sky uppercut, smack down, thunder, twister, and whirlwind still hit the user normally.  gust and twister also have double power against the user.

The damage from hail and sandstorm still applies during the immune turn.

The user may be hit during its immune turn if under the effect of lock on, mind reader, or no guard.

This move cannot be used while gravity is in effect.

This move cannot be selected by sleep talk.', 90);
INSERT INTO public.habilidade (id, nome, descricao, dano) VALUES(156, 'razor-wind', 'Inflicts regular damage.  User''s critical hit rate is one level higher when using this move.  User charges for one turn before attacking.

This move cannot be selected by sleep talk.', 80);
INSERT INTO public.habilidade (id, nome, descricao, dano) VALUES(157, 'wing-attack', 'Inflicts regular damage.', 60);
INSERT INTO public.habilidade (id, nome, descricao, dano) VALUES(158, 'fly', 'Inflicts regular damage.  User flies high into the air for one turn, becoming immune to attack, and hits on the second turn.

During the immune turn, gust, hurricane, sky uppercut, smack down, thunder, twister, and whirlwind still hit the user normally.  gust and twister also have double power against the user.

The damage from hail and sandstorm still applies during the immune turn.

The user may be hit during its immune turn if under the effect of lock on, mind reader, or no guard.

This move cannot be used while gravity is in effect.

This move cannot be selected by sleep talk.', 90);
INSERT INTO public.habilidade (id, nome, descricao, dano) VALUES(159, 'headbutt', 'Inflicts regular damage.  Has a $effect_chance% chance to make the target flinch.', 70);
INSERT INTO public.habilidade (id, nome, descricao, dano) VALUES(160, 'cut', 'Inflicts regular damage.', 50);
INSERT INTO public.habilidade (id, nome, descricao, dano) VALUES(161, 'headbutt', 'Inflicts regular damage.  Has a $effect_chance% chance to make the target flinch.', 70);
INSERT INTO public.habilidade (id, nome, descricao, dano) VALUES(162, 'take-down', 'Inflicts regular damage.  User takes 1/4 the damage it inflicts in recoil.', 90);
INSERT INTO public.habilidade (id, nome, descricao, dano) VALUES(163, 'double-edge', 'Inflicts regular damage.  User takes 1/3 the damage it inflicts in recoil.', 120);
INSERT INTO public.habilidade (id, nome, descricao, dano) VALUES(164, 'cut', 'Inflicts regular damage.', 50);
INSERT INTO public.habilidade (id, nome, descricao, dano) VALUES(165, 'headbutt', 'Inflicts regular damage.  Has a $effect_chance% chance to make the target flinch.', 70);
INSERT INTO public.habilidade (id, nome, descricao, dano) VALUES(166, 'take-down', 'Inflicts regular damage.  User takes 1/4 the damage it inflicts in recoil.', 90);
INSERT INTO public.habilidade (id, nome, descricao, dano) VALUES(167, 'double-edge', 'Inflicts regular damage.  User takes 1/3 the damage it inflicts in recoil.', 120);
INSERT INTO public.habilidade (id, nome, descricao, dano) VALUES(168, 'cut', 'Inflicts regular damage.', 50);
INSERT INTO public.habilidade (id, nome, descricao, dano) VALUES(169, 'headbutt', 'Inflicts regular damage.  Has a $effect_chance% chance to make the target flinch.', 70);
INSERT INTO public.habilidade (id, nome, descricao, dano) VALUES(170, 'body-slam', 'Inflicts regular damage.  Has a $effect_chance% chance to paralyze the target.', 85);
INSERT INTO public.habilidade (id, nome, descricao, dano) VALUES(171, 'take-down', 'Inflicts regular damage.  User takes 1/4 the damage it inflicts in recoil.', 90);
INSERT INTO public.habilidade (id, nome, descricao, dano) VALUES(172, 'scratch', 'Inflicts regular damage.', 40);
INSERT INTO public.habilidade (id, nome, descricao, dano) VALUES(173, 'cut', 'Inflicts regular damage.', 50);
INSERT INTO public.habilidade (id, nome, descricao, dano) VALUES(174, 'headbutt', 'Inflicts regular damage.  Has a $effect_chance% chance to make the target flinch.', 70);
INSERT INTO public.habilidade (id, nome, descricao, dano) VALUES(175, 'body-slam', 'Inflicts regular damage.  Has a $effect_chance% chance to paralyze the target.', 85);
INSERT INTO public.habilidade (id, nome, descricao, dano) VALUES(176, 'scratch', 'Inflicts regular damage.', 40);
INSERT INTO public.habilidade (id, nome, descricao, dano) VALUES(177, 'cut', 'Inflicts regular damage.', 50);
INSERT INTO public.habilidade (id, nome, descricao, dano) VALUES(178, 'headbutt', 'Inflicts regular damage.  Has a $effect_chance% chance to make the target flinch.', 70);
INSERT INTO public.habilidade (id, nome, descricao, dano) VALUES(179, 'body-slam', 'Inflicts regular damage.  Has a $effect_chance% chance to paralyze the target.', 85);
INSERT INTO public.habilidade (id, nome, descricao, dano) VALUES(180, 'headbutt', 'Inflicts regular damage.  Has a $effect_chance% chance to make the target flinch.', 70);
INSERT INTO public.habilidade (id, nome, descricao, dano) VALUES(181, 'tackle', 'Inflicts regular damage.', 40);
INSERT INTO public.habilidade (id, nome, descricao, dano) VALUES(182, 'take-down', 'Inflicts regular damage.  User takes 1/4 the damage it inflicts in recoil.', 90);
INSERT INTO public.habilidade (id, nome, descricao, dano) VALUES(183, 'double-edge', 'Inflicts regular damage.  User takes 1/3 the damage it inflicts in recoil.', 120);
INSERT INTO public.habilidade (id, nome, descricao, dano) VALUES(184, 'razor-wind', 'Inflicts regular damage.  User''s critical hit rate is one level higher when using this move.  User charges for one turn before attacking.

This move cannot be selected by sleep talk.', 80);
INSERT INTO public.habilidade (id, nome, descricao, dano) VALUES(185, 'gust', 'Inflicts regular damage.

If the target is under the effect of bounce, fly, or sky drop, this move will hit with double power.', 40);
INSERT INTO public.habilidade (id, nome, descricao, dano) VALUES(186, 'headbutt', 'Inflicts regular damage.  Has a $effect_chance% chance to make the target flinch.', 70);
INSERT INTO public.habilidade (id, nome, descricao, dano) VALUES(187, 'tackle', 'Inflicts regular damage.', 40);
INSERT INTO public.habilidade (id, nome, descricao, dano) VALUES(188, 'scratch', 'Inflicts regular damage.', 40);
INSERT INTO public.habilidade (id, nome, descricao, dano) VALUES(189, 'cut', 'Inflicts regular damage.', 50);
INSERT INTO public.habilidade (id, nome, descricao, dano) VALUES(190, 'headbutt', 'Inflicts regular damage.  Has a $effect_chance% chance to make the target flinch.', 70);
INSERT INTO public.habilidade (id, nome, descricao, dano) VALUES(191, 'body-slam', 'Inflicts regular damage.  Has a $effect_chance% chance to paralyze the target.', 85);
INSERT INTO public.habilidade (id, nome, descricao, dano) VALUES(192, 'scratch', 'Inflicts regular damage.', 40);
INSERT INTO public.habilidade (id, nome, descricao, dano) VALUES(193, 'cut', 'Inflicts regular damage.', 50);
INSERT INTO public.habilidade (id, nome, descricao, dano) VALUES(194, 'headbutt', 'Inflicts regular damage.  Has a $effect_chance% chance to make the target flinch.', 70);
INSERT INTO public.habilidade (id, nome, descricao, dano) VALUES(195, 'body-slam', 'Inflicts regular damage.  Has a $effect_chance% chance to paralyze the target.', 85);


/* Inserções na tabela pokemon_habilidade */

INSERT INTO public.pokemon_habilidade (id_pokemon_habilidade, fk_pokemon_numero_pokedex, fk_habilidade_id) VALUES(0, 1, 0);
INSERT INTO public.pokemon_habilidade (id_pokemon_habilidade, fk_pokemon_numero_pokedex, fk_habilidade_id) VALUES(1, 1, 1);
INSERT INTO public.pokemon_habilidade (id_pokemon_habilidade, fk_pokemon_numero_pokedex, fk_habilidade_id) VALUES(2, 1, 2);
INSERT INTO public.pokemon_habilidade (id_pokemon_habilidade, fk_pokemon_numero_pokedex, fk_habilidade_id) VALUES(3, 1, 3);
INSERT INTO public.pokemon_habilidade (id_pokemon_habilidade, fk_pokemon_numero_pokedex, fk_habilidade_id) VALUES(4, 2, 4);
INSERT INTO public.pokemon_habilidade (id_pokemon_habilidade, fk_pokemon_numero_pokedex, fk_habilidade_id) VALUES(5, 2, 5);
INSERT INTO public.pokemon_habilidade (id_pokemon_habilidade, fk_pokemon_numero_pokedex, fk_habilidade_id) VALUES(6, 2, 6);
INSERT INTO public.pokemon_habilidade (id_pokemon_habilidade, fk_pokemon_numero_pokedex, fk_habilidade_id) VALUES(7, 2, 7);
INSERT INTO public.pokemon_habilidade (id_pokemon_habilidade, fk_pokemon_numero_pokedex, fk_habilidade_id) VALUES(8, 3, 8);
INSERT INTO public.pokemon_habilidade (id_pokemon_habilidade, fk_pokemon_numero_pokedex, fk_habilidade_id) VALUES(9, 3, 9);
INSERT INTO public.pokemon_habilidade (id_pokemon_habilidade, fk_pokemon_numero_pokedex, fk_habilidade_id) VALUES(10, 3, 10);
INSERT INTO public.pokemon_habilidade (id_pokemon_habilidade, fk_pokemon_numero_pokedex, fk_habilidade_id) VALUES(11, 3, 11);
INSERT INTO public.pokemon_habilidade (id_pokemon_habilidade, fk_pokemon_numero_pokedex, fk_habilidade_id) VALUES(20, 6, 20);
INSERT INTO public.pokemon_habilidade (id_pokemon_habilidade, fk_pokemon_numero_pokedex, fk_habilidade_id) VALUES(21, 6, 21);
INSERT INTO public.pokemon_habilidade (id_pokemon_habilidade, fk_pokemon_numero_pokedex, fk_habilidade_id) VALUES(22, 6, 22);
INSERT INTO public.pokemon_habilidade (id_pokemon_habilidade, fk_pokemon_numero_pokedex, fk_habilidade_id) VALUES(23, 6, 23);
INSERT INTO public.pokemon_habilidade (id_pokemon_habilidade, fk_pokemon_numero_pokedex, fk_habilidade_id) VALUES(42, 12, 42);
INSERT INTO public.pokemon_habilidade (id_pokemon_habilidade, fk_pokemon_numero_pokedex, fk_habilidade_id) VALUES(43, 12, 43);
INSERT INTO public.pokemon_habilidade (id_pokemon_habilidade, fk_pokemon_numero_pokedex, fk_habilidade_id) VALUES(44, 13, 44);
INSERT INTO public.pokemon_habilidade (id_pokemon_habilidade, fk_pokemon_numero_pokedex, fk_habilidade_id) VALUES(45, 13, 45);
INSERT INTO public.pokemon_habilidade (id_pokemon_habilidade, fk_pokemon_numero_pokedex, fk_habilidade_id) VALUES(46, 13, 46);
INSERT INTO public.pokemon_habilidade (id_pokemon_habilidade, fk_pokemon_numero_pokedex, fk_habilidade_id) VALUES(47, 14, 47);
INSERT INTO public.pokemon_habilidade (id_pokemon_habilidade, fk_pokemon_numero_pokedex, fk_habilidade_id) VALUES(48, 15, 48);
INSERT INTO public.pokemon_habilidade (id_pokemon_habilidade, fk_pokemon_numero_pokedex, fk_habilidade_id) VALUES(49, 15, 49);
INSERT INTO public.pokemon_habilidade (id_pokemon_habilidade, fk_pokemon_numero_pokedex, fk_habilidade_id) VALUES(50, 15, 50);
INSERT INTO public.pokemon_habilidade (id_pokemon_habilidade, fk_pokemon_numero_pokedex, fk_habilidade_id) VALUES(51, 15, 51);
INSERT INTO public.pokemon_habilidade (id_pokemon_habilidade, fk_pokemon_numero_pokedex, fk_habilidade_id) VALUES(52, 16, 52);
INSERT INTO public.pokemon_habilidade (id_pokemon_habilidade, fk_pokemon_numero_pokedex, fk_habilidade_id) VALUES(53, 16, 53);
INSERT INTO public.pokemon_habilidade (id_pokemon_habilidade, fk_pokemon_numero_pokedex, fk_habilidade_id) VALUES(54, 16, 54);
INSERT INTO public.pokemon_habilidade (id_pokemon_habilidade, fk_pokemon_numero_pokedex, fk_habilidade_id) VALUES(55, 16, 55);
INSERT INTO public.pokemon_habilidade (id_pokemon_habilidade, fk_pokemon_numero_pokedex, fk_habilidade_id) VALUES(56, 17, 56);
INSERT INTO public.pokemon_habilidade (id_pokemon_habilidade, fk_pokemon_numero_pokedex, fk_habilidade_id) VALUES(57, 17, 57);
INSERT INTO public.pokemon_habilidade (id_pokemon_habilidade, fk_pokemon_numero_pokedex, fk_habilidade_id) VALUES(58, 17, 58);
INSERT INTO public.pokemon_habilidade (id_pokemon_habilidade, fk_pokemon_numero_pokedex, fk_habilidade_id) VALUES(59, 17, 59);
INSERT INTO public.pokemon_habilidade (id_pokemon_habilidade, fk_pokemon_numero_pokedex, fk_habilidade_id) VALUES(60, 18, 60);
INSERT INTO public.pokemon_habilidade (id_pokemon_habilidade, fk_pokemon_numero_pokedex, fk_habilidade_id) VALUES(61, 18, 61);
INSERT INTO public.pokemon_habilidade (id_pokemon_habilidade, fk_pokemon_numero_pokedex, fk_habilidade_id) VALUES(62, 18, 62);
INSERT INTO public.pokemon_habilidade (id_pokemon_habilidade, fk_pokemon_numero_pokedex, fk_habilidade_id) VALUES(63, 18, 63);
INSERT INTO public.pokemon_habilidade (id_pokemon_habilidade, fk_pokemon_numero_pokedex, fk_habilidade_id) VALUES(72, 21, 72);
INSERT INTO public.pokemon_habilidade (id_pokemon_habilidade, fk_pokemon_numero_pokedex, fk_habilidade_id) VALUES(73, 21, 73);
INSERT INTO public.pokemon_habilidade (id_pokemon_habilidade, fk_pokemon_numero_pokedex, fk_habilidade_id) VALUES(74, 21, 74);
INSERT INTO public.pokemon_habilidade (id_pokemon_habilidade, fk_pokemon_numero_pokedex, fk_habilidade_id) VALUES(75, 21, 75);
INSERT INTO public.pokemon_habilidade (id_pokemon_habilidade, fk_pokemon_numero_pokedex, fk_habilidade_id) VALUES(76, 22, 76);
INSERT INTO public.pokemon_habilidade (id_pokemon_habilidade, fk_pokemon_numero_pokedex, fk_habilidade_id) VALUES(77, 22, 77);
INSERT INTO public.pokemon_habilidade (id_pokemon_habilidade, fk_pokemon_numero_pokedex, fk_habilidade_id) VALUES(78, 22, 78);
INSERT INTO public.pokemon_habilidade (id_pokemon_habilidade, fk_pokemon_numero_pokedex, fk_habilidade_id) VALUES(79, 22, 79);
INSERT INTO public.pokemon_habilidade (id_pokemon_habilidade, fk_pokemon_numero_pokedex, fk_habilidade_id) VALUES(112, 31, 112);
INSERT INTO public.pokemon_habilidade (id_pokemon_habilidade, fk_pokemon_numero_pokedex, fk_habilidade_id) VALUES(113, 31, 113);
INSERT INTO public.pokemon_habilidade (id_pokemon_habilidade, fk_pokemon_numero_pokedex, fk_habilidade_id) VALUES(114, 31, 114);
INSERT INTO public.pokemon_habilidade (id_pokemon_habilidade, fk_pokemon_numero_pokedex, fk_habilidade_id) VALUES(115, 31, 115);
INSERT INTO public.pokemon_habilidade (id_pokemon_habilidade, fk_pokemon_numero_pokedex, fk_habilidade_id) VALUES(124, 34, 124);
INSERT INTO public.pokemon_habilidade (id_pokemon_habilidade, fk_pokemon_numero_pokedex, fk_habilidade_id) VALUES(125, 34, 125);
INSERT INTO public.pokemon_habilidade (id_pokemon_habilidade, fk_pokemon_numero_pokedex, fk_habilidade_id) VALUES(126, 34, 126);
INSERT INTO public.pokemon_habilidade (id_pokemon_habilidade, fk_pokemon_numero_pokedex, fk_habilidade_id) VALUES(127, 34, 127);
INSERT INTO public.pokemon_habilidade (id_pokemon_habilidade, fk_pokemon_numero_pokedex, fk_habilidade_id) VALUES(144, 39, 144);
INSERT INTO public.pokemon_habilidade (id_pokemon_habilidade, fk_pokemon_numero_pokedex, fk_habilidade_id) VALUES(145, 39, 145);
INSERT INTO public.pokemon_habilidade (id_pokemon_habilidade, fk_pokemon_numero_pokedex, fk_habilidade_id) VALUES(146, 39, 146);
INSERT INTO public.pokemon_habilidade (id_pokemon_habilidade, fk_pokemon_numero_pokedex, fk_habilidade_id) VALUES(147, 39, 147);
INSERT INTO public.pokemon_habilidade (id_pokemon_habilidade, fk_pokemon_numero_pokedex, fk_habilidade_id) VALUES(148, 40, 148);
INSERT INTO public.pokemon_habilidade (id_pokemon_habilidade, fk_pokemon_numero_pokedex, fk_habilidade_id) VALUES(149, 40, 149);
INSERT INTO public.pokemon_habilidade (id_pokemon_habilidade, fk_pokemon_numero_pokedex, fk_habilidade_id) VALUES(150, 40, 150);
INSERT INTO public.pokemon_habilidade (id_pokemon_habilidade, fk_pokemon_numero_pokedex, fk_habilidade_id) VALUES(151, 40, 151);
INSERT INTO public.pokemon_habilidade (id_pokemon_habilidade, fk_pokemon_numero_pokedex, fk_habilidade_id) VALUES(152, 41, 152);
INSERT INTO public.pokemon_habilidade (id_pokemon_habilidade, fk_pokemon_numero_pokedex, fk_habilidade_id) VALUES(153, 41, 153);
INSERT INTO public.pokemon_habilidade (id_pokemon_habilidade, fk_pokemon_numero_pokedex, fk_habilidade_id) VALUES(154, 41, 154);
INSERT INTO public.pokemon_habilidade (id_pokemon_habilidade, fk_pokemon_numero_pokedex, fk_habilidade_id) VALUES(155, 41, 155);
INSERT INTO public.pokemon_habilidade (id_pokemon_habilidade, fk_pokemon_numero_pokedex, fk_habilidade_id) VALUES(156, 42, 156);
INSERT INTO public.pokemon_habilidade (id_pokemon_habilidade, fk_pokemon_numero_pokedex, fk_habilidade_id) VALUES(157, 42, 157);
INSERT INTO public.pokemon_habilidade (id_pokemon_habilidade, fk_pokemon_numero_pokedex, fk_habilidade_id) VALUES(158, 42, 158);
INSERT INTO public.pokemon_habilidade (id_pokemon_habilidade, fk_pokemon_numero_pokedex, fk_habilidade_id) VALUES(159, 42, 159);
INSERT INTO public.pokemon_habilidade (id_pokemon_habilidade, fk_pokemon_numero_pokedex, fk_habilidade_id) VALUES(160, 43, 160);
INSERT INTO public.pokemon_habilidade (id_pokemon_habilidade, fk_pokemon_numero_pokedex, fk_habilidade_id) VALUES(161, 43, 161);
INSERT INTO public.pokemon_habilidade (id_pokemon_habilidade, fk_pokemon_numero_pokedex, fk_habilidade_id) VALUES(162, 43, 162);
INSERT INTO public.pokemon_habilidade (id_pokemon_habilidade, fk_pokemon_numero_pokedex, fk_habilidade_id) VALUES(163, 43, 163);
INSERT INTO public.pokemon_habilidade (id_pokemon_habilidade, fk_pokemon_numero_pokedex, fk_habilidade_id) VALUES(164, 44, 164);
INSERT INTO public.pokemon_habilidade (id_pokemon_habilidade, fk_pokemon_numero_pokedex, fk_habilidade_id) VALUES(165, 44, 165);
INSERT INTO public.pokemon_habilidade (id_pokemon_habilidade, fk_pokemon_numero_pokedex, fk_habilidade_id) VALUES(166, 44, 166);
INSERT INTO public.pokemon_habilidade (id_pokemon_habilidade, fk_pokemon_numero_pokedex, fk_habilidade_id) VALUES(167, 44, 167);
INSERT INTO public.pokemon_habilidade (id_pokemon_habilidade, fk_pokemon_numero_pokedex, fk_habilidade_id) VALUES(168, 45, 168);
INSERT INTO public.pokemon_habilidade (id_pokemon_habilidade, fk_pokemon_numero_pokedex, fk_habilidade_id) VALUES(169, 45, 169);
INSERT INTO public.pokemon_habilidade (id_pokemon_habilidade, fk_pokemon_numero_pokedex, fk_habilidade_id) VALUES(170, 45, 170);
INSERT INTO public.pokemon_habilidade (id_pokemon_habilidade, fk_pokemon_numero_pokedex, fk_habilidade_id) VALUES(171, 45, 171);
INSERT INTO public.pokemon_habilidade (id_pokemon_habilidade, fk_pokemon_numero_pokedex, fk_habilidade_id) VALUES(172, 46, 172);
INSERT INTO public.pokemon_habilidade (id_pokemon_habilidade, fk_pokemon_numero_pokedex, fk_habilidade_id) VALUES(173, 46, 173);
INSERT INTO public.pokemon_habilidade (id_pokemon_habilidade, fk_pokemon_numero_pokedex, fk_habilidade_id) VALUES(174, 46, 174);
INSERT INTO public.pokemon_habilidade (id_pokemon_habilidade, fk_pokemon_numero_pokedex, fk_habilidade_id) VALUES(175, 46, 175);
INSERT INTO public.pokemon_habilidade (id_pokemon_habilidade, fk_pokemon_numero_pokedex, fk_habilidade_id) VALUES(176, 47, 176);
INSERT INTO public.pokemon_habilidade (id_pokemon_habilidade, fk_pokemon_numero_pokedex, fk_habilidade_id) VALUES(177, 47, 177);
INSERT INTO public.pokemon_habilidade (id_pokemon_habilidade, fk_pokemon_numero_pokedex, fk_habilidade_id) VALUES(178, 47, 178);
INSERT INTO public.pokemon_habilidade (id_pokemon_habilidade, fk_pokemon_numero_pokedex, fk_habilidade_id) VALUES(179, 47, 179);
INSERT INTO public.pokemon_habilidade (id_pokemon_habilidade, fk_pokemon_numero_pokedex, fk_habilidade_id) VALUES(180, 48, 180);
INSERT INTO public.pokemon_habilidade (id_pokemon_habilidade, fk_pokemon_numero_pokedex, fk_habilidade_id) VALUES(181, 48, 181);
INSERT INTO public.pokemon_habilidade (id_pokemon_habilidade, fk_pokemon_numero_pokedex, fk_habilidade_id) VALUES(182, 48, 182);
INSERT INTO public.pokemon_habilidade (id_pokemon_habilidade, fk_pokemon_numero_pokedex, fk_habilidade_id) VALUES(183, 48, 183);
INSERT INTO public.pokemon_habilidade (id_pokemon_habilidade, fk_pokemon_numero_pokedex, fk_habilidade_id) VALUES(184, 49, 184);
INSERT INTO public.pokemon_habilidade (id_pokemon_habilidade, fk_pokemon_numero_pokedex, fk_habilidade_id) VALUES(185, 49, 185);
INSERT INTO public.pokemon_habilidade (id_pokemon_habilidade, fk_pokemon_numero_pokedex, fk_habilidade_id) VALUES(186, 49, 186);
INSERT INTO public.pokemon_habilidade (id_pokemon_habilidade, fk_pokemon_numero_pokedex, fk_habilidade_id) VALUES(187, 49, 187);


/* Inserções na tabela instacia_pokemon */

INSERT INTO public.instancia_pokemon (id_instancia, fk_pokemon_numero_pokedex) VALUES(1, 1);
INSERT INTO public.instancia_pokemon (id_instancia, fk_pokemon_numero_pokedex) VALUES(2, 1);
INSERT INTO public.instancia_pokemon (id_instancia, fk_pokemon_numero_pokedex) VALUES(3, 1);
INSERT INTO public.instancia_pokemon (id_instancia, fk_pokemon_numero_pokedex) VALUES(4, 1);
INSERT INTO public.instancia_pokemon (id_instancia, fk_pokemon_numero_pokedex) VALUES(5, 1);
INSERT INTO public.instancia_pokemon (id_instancia, fk_pokemon_numero_pokedex) VALUES(6, 1);
INSERT INTO public.instancia_pokemon (id_instancia, fk_pokemon_numero_pokedex) VALUES(7, 1);
INSERT INTO public.instancia_pokemon (id_instancia, fk_pokemon_numero_pokedex) VALUES(8, 1);
INSERT INTO public.instancia_pokemon (id_instancia, fk_pokemon_numero_pokedex) VALUES(9, 1);
INSERT INTO public.instancia_pokemon (id_instancia, fk_pokemon_numero_pokedex) VALUES(10, 1);
INSERT INTO public.instancia_pokemon (id_instancia, fk_pokemon_numero_pokedex) VALUES(11, 1);
INSERT INTO public.instancia_pokemon (id_instancia, fk_pokemon_numero_pokedex) VALUES(12, 1);
INSERT INTO public.instancia_pokemon (id_instancia, fk_pokemon_numero_pokedex) VALUES(13, 1);
INSERT INTO public.instancia_pokemon (id_instancia, fk_pokemon_numero_pokedex) VALUES(14, 1);
INSERT INTO public.instancia_pokemon (id_instancia, fk_pokemon_numero_pokedex) VALUES(15, 1);
INSERT INTO public.instancia_pokemon (id_instancia, fk_pokemon_numero_pokedex) VALUES(16, 1);
INSERT INTO public.instancia_pokemon (id_instancia, fk_pokemon_numero_pokedex) VALUES(17, 1);
INSERT INTO public.instancia_pokemon (id_instancia, fk_pokemon_numero_pokedex) VALUES(18, 1);
INSERT INTO public.instancia_pokemon (id_instancia, fk_pokemon_numero_pokedex) VALUES(19, 1);
INSERT INTO public.instancia_pokemon (id_instancia, fk_pokemon_numero_pokedex) VALUES(20, 1);
INSERT INTO public.instancia_pokemon (id_instancia, fk_pokemon_numero_pokedex) VALUES(21, 1);
INSERT INTO public.instancia_pokemon (id_instancia, fk_pokemon_numero_pokedex) VALUES(22, 1);
INSERT INTO public.instancia_pokemon (id_instancia, fk_pokemon_numero_pokedex) VALUES(23, 1);
INSERT INTO public.instancia_pokemon (id_instancia, fk_pokemon_numero_pokedex) VALUES(24, 1);
INSERT INTO public.instancia_pokemon (id_instancia, fk_pokemon_numero_pokedex) VALUES(25, 1);
INSERT INTO public.instancia_pokemon (id_instancia, fk_pokemon_numero_pokedex) VALUES(26, 1);
INSERT INTO public.instancia_pokemon (id_instancia, fk_pokemon_numero_pokedex) VALUES(27, 1);
INSERT INTO public.instancia_pokemon (id_instancia, fk_pokemon_numero_pokedex) VALUES(28, 1);
INSERT INTO public.instancia_pokemon (id_instancia, fk_pokemon_numero_pokedex) VALUES(29, 1);
INSERT INTO public.instancia_pokemon (id_instancia, fk_pokemon_numero_pokedex) VALUES(30, 1);
INSERT INTO public.instancia_pokemon (id_instancia, fk_pokemon_numero_pokedex) VALUES(31, 1);
INSERT INTO public.instancia_pokemon (id_instancia, fk_pokemon_numero_pokedex) VALUES(32, 1);
INSERT INTO public.instancia_pokemon (id_instancia, fk_pokemon_numero_pokedex) VALUES(33, 1);
INSERT INTO public.instancia_pokemon (id_instancia, fk_pokemon_numero_pokedex) VALUES(34, 1);
INSERT INTO public.instancia_pokemon (id_instancia, fk_pokemon_numero_pokedex) VALUES(35, 1);
INSERT INTO public.instancia_pokemon (id_instancia, fk_pokemon_numero_pokedex) VALUES(36, 1);
INSERT INTO public.instancia_pokemon (id_instancia, fk_pokemon_numero_pokedex) VALUES(37, 1);
INSERT INTO public.instancia_pokemon (id_instancia, fk_pokemon_numero_pokedex) VALUES(38, 1);
INSERT INTO public.instancia_pokemon (id_instancia, fk_pokemon_numero_pokedex) VALUES(39, 1);
INSERT INTO public.instancia_pokemon (id_instancia, fk_pokemon_numero_pokedex) VALUES(40, 1);
INSERT INTO public.instancia_pokemon (id_instancia, fk_pokemon_numero_pokedex) VALUES(41, 1);
INSERT INTO public.instancia_pokemon (id_instancia, fk_pokemon_numero_pokedex) VALUES(42, 1);
INSERT INTO public.instancia_pokemon (id_instancia, fk_pokemon_numero_pokedex) VALUES(43, 1);
INSERT INTO public.instancia_pokemon (id_instancia, fk_pokemon_numero_pokedex) VALUES(44, 1);
INSERT INTO public.instancia_pokemon (id_instancia, fk_pokemon_numero_pokedex) VALUES(45, 1);
INSERT INTO public.instancia_pokemon (id_instancia, fk_pokemon_numero_pokedex) VALUES(46, 1);
INSERT INTO public.instancia_pokemon (id_instancia, fk_pokemon_numero_pokedex) VALUES(47, 1);
INSERT INTO public.instancia_pokemon (id_instancia, fk_pokemon_numero_pokedex) VALUES(48, 1);
INSERT INTO public.instancia_pokemon (id_instancia, fk_pokemon_numero_pokedex) VALUES(49, 1);
INSERT INTO public.instancia_pokemon (id_instancia, fk_pokemon_numero_pokedex) VALUES(50, 1);
INSERT INTO public.instancia_pokemon (id_instancia, fk_pokemon_numero_pokedex) VALUES(51, 1);
INSERT INTO public.instancia_pokemon (id_instancia, fk_pokemon_numero_pokedex) VALUES(52, 1);
INSERT INTO public.instancia_pokemon (id_instancia, fk_pokemon_numero_pokedex) VALUES(53, 1);
INSERT INTO public.instancia_pokemon (id_instancia, fk_pokemon_numero_pokedex) VALUES(54, 1);
INSERT INTO public.instancia_pokemon (id_instancia, fk_pokemon_numero_pokedex) VALUES(55, 1);
INSERT INTO public.instancia_pokemon (id_instancia, fk_pokemon_numero_pokedex) VALUES(56, 1);
INSERT INTO public.instancia_pokemon (id_instancia, fk_pokemon_numero_pokedex) VALUES(57, 1);
INSERT INTO public.instancia_pokemon (id_instancia, fk_pokemon_numero_pokedex) VALUES(58, 1);
INSERT INTO public.instancia_pokemon (id_instancia, fk_pokemon_numero_pokedex) VALUES(59, 1);
INSERT INTO public.instancia_pokemon (id_instancia, fk_pokemon_numero_pokedex) VALUES(60, 1);
INSERT INTO public.instancia_pokemon (id_instancia, fk_pokemon_numero_pokedex) VALUES(61, 1);
INSERT INTO public.instancia_pokemon (id_instancia, fk_pokemon_numero_pokedex) VALUES(62, 1);
INSERT INTO public.instancia_pokemon (id_instancia, fk_pokemon_numero_pokedex) VALUES(63, 1);
INSERT INTO public.instancia_pokemon (id_instancia, fk_pokemon_numero_pokedex) VALUES(64, 1);
INSERT INTO public.instancia_pokemon (id_instancia, fk_pokemon_numero_pokedex) VALUES(65, 1);
INSERT INTO public.instancia_pokemon (id_instancia, fk_pokemon_numero_pokedex) VALUES(66, 1);
INSERT INTO public.instancia_pokemon (id_instancia, fk_pokemon_numero_pokedex) VALUES(67, 1);
INSERT INTO public.instancia_pokemon (id_instancia, fk_pokemon_numero_pokedex) VALUES(68, 1);
INSERT INTO public.instancia_pokemon (id_instancia, fk_pokemon_numero_pokedex) VALUES(69, 1);
INSERT INTO public.instancia_pokemon (id_instancia, fk_pokemon_numero_pokedex) VALUES(70, 1);
INSERT INTO public.instancia_pokemon (id_instancia, fk_pokemon_numero_pokedex) VALUES(71, 1);
INSERT INTO public.instancia_pokemon (id_instancia, fk_pokemon_numero_pokedex) VALUES(72, 1);
INSERT INTO public.instancia_pokemon (id_instancia, fk_pokemon_numero_pokedex) VALUES(73, 1);
INSERT INTO public.instancia_pokemon (id_instancia, fk_pokemon_numero_pokedex) VALUES(74, 1);
INSERT INTO public.instancia_pokemon (id_instancia, fk_pokemon_numero_pokedex) VALUES(75, 1);
INSERT INTO public.instancia_pokemon (id_instancia, fk_pokemon_numero_pokedex) VALUES(76, 1);
INSERT INTO public.instancia_pokemon (id_instancia, fk_pokemon_numero_pokedex) VALUES(77, 1);
INSERT INTO public.instancia_pokemon (id_instancia, fk_pokemon_numero_pokedex) VALUES(78, 1);
INSERT INTO public.instancia_pokemon (id_instancia, fk_pokemon_numero_pokedex) VALUES(79, 1);
INSERT INTO public.instancia_pokemon (id_instancia, fk_pokemon_numero_pokedex) VALUES(80, 1);
INSERT INTO public.instancia_pokemon (id_instancia, fk_pokemon_numero_pokedex) VALUES(81, 1);
INSERT INTO public.instancia_pokemon (id_instancia, fk_pokemon_numero_pokedex) VALUES(82, 1);
INSERT INTO public.instancia_pokemon (id_instancia, fk_pokemon_numero_pokedex) VALUES(83, 1);
INSERT INTO public.instancia_pokemon (id_instancia, fk_pokemon_numero_pokedex) VALUES(84, 1);
INSERT INTO public.instancia_pokemon (id_instancia, fk_pokemon_numero_pokedex) VALUES(85, 1);
INSERT INTO public.instancia_pokemon (id_instancia, fk_pokemon_numero_pokedex) VALUES(86, 1);
INSERT INTO public.instancia_pokemon (id_instancia, fk_pokemon_numero_pokedex) VALUES(87, 1);
INSERT INTO public.instancia_pokemon (id_instancia, fk_pokemon_numero_pokedex) VALUES(88, 1);
INSERT INTO public.instancia_pokemon (id_instancia, fk_pokemon_numero_pokedex) VALUES(89, 1);
INSERT INTO public.instancia_pokemon (id_instancia, fk_pokemon_numero_pokedex) VALUES(90, 1);
INSERT INTO public.instancia_pokemon (id_instancia, fk_pokemon_numero_pokedex) VALUES(91, 1);
INSERT INTO public.instancia_pokemon (id_instancia, fk_pokemon_numero_pokedex) VALUES(92, 1);
INSERT INTO public.instancia_pokemon (id_instancia, fk_pokemon_numero_pokedex) VALUES(93, 1);
INSERT INTO public.instancia_pokemon (id_instancia, fk_pokemon_numero_pokedex) VALUES(94, 1);
INSERT INTO public.instancia_pokemon (id_instancia, fk_pokemon_numero_pokedex) VALUES(95, 1);
INSERT INTO public.instancia_pokemon (id_instancia, fk_pokemon_numero_pokedex) VALUES(96, 1);
INSERT INTO public.instancia_pokemon (id_instancia, fk_pokemon_numero_pokedex) VALUES(97, 1);
INSERT INTO public.instancia_pokemon (id_instancia, fk_pokemon_numero_pokedex) VALUES(98, 1);
INSERT INTO public.instancia_pokemon (id_instancia, fk_pokemon_numero_pokedex) VALUES(99, 1);
INSERT INTO public.instancia_pokemon (id_instancia, fk_pokemon_numero_pokedex) VALUES(100, 1);
INSERT INTO public.instancia_pokemon (id_instancia, fk_pokemon_numero_pokedex) VALUES(101, 2);
INSERT INTO public.instancia_pokemon (id_instancia, fk_pokemon_numero_pokedex) VALUES(102, 2);
INSERT INTO public.instancia_pokemon (id_instancia, fk_pokemon_numero_pokedex) VALUES(103, 2);
INSERT INTO public.instancia_pokemon (id_instancia, fk_pokemon_numero_pokedex) VALUES(104, 2);
INSERT INTO public.instancia_pokemon (id_instancia, fk_pokemon_numero_pokedex) VALUES(105, 2);
INSERT INTO public.instancia_pokemon (id_instancia, fk_pokemon_numero_pokedex) VALUES(106, 2);
INSERT INTO public.instancia_pokemon (id_instancia, fk_pokemon_numero_pokedex) VALUES(107, 2);
INSERT INTO public.instancia_pokemon (id_instancia, fk_pokemon_numero_pokedex) VALUES(108, 2);
INSERT INTO public.instancia_pokemon (id_instancia, fk_pokemon_numero_pokedex) VALUES(109, 2);
INSERT INTO public.instancia_pokemon (id_instancia, fk_pokemon_numero_pokedex) VALUES(110, 2);
INSERT INTO public.instancia_pokemon (id_instancia, fk_pokemon_numero_pokedex) VALUES(111, 2);
INSERT INTO public.instancia_pokemon (id_instancia, fk_pokemon_numero_pokedex) VALUES(112, 2);
INSERT INTO public.instancia_pokemon (id_instancia, fk_pokemon_numero_pokedex) VALUES(113, 2);
INSERT INTO public.instancia_pokemon (id_instancia, fk_pokemon_numero_pokedex) VALUES(114, 2);
INSERT INTO public.instancia_pokemon (id_instancia, fk_pokemon_numero_pokedex) VALUES(115, 2);
INSERT INTO public.instancia_pokemon (id_instancia, fk_pokemon_numero_pokedex) VALUES(116, 2);
INSERT INTO public.instancia_pokemon (id_instancia, fk_pokemon_numero_pokedex) VALUES(117, 2);
INSERT INTO public.instancia_pokemon (id_instancia, fk_pokemon_numero_pokedex) VALUES(118, 2);
INSERT INTO public.instancia_pokemon (id_instancia, fk_pokemon_numero_pokedex) VALUES(119, 2);
INSERT INTO public.instancia_pokemon (id_instancia, fk_pokemon_numero_pokedex) VALUES(120, 2);
INSERT INTO public.instancia_pokemon (id_instancia, fk_pokemon_numero_pokedex) VALUES(121, 2);
INSERT INTO public.instancia_pokemon (id_instancia, fk_pokemon_numero_pokedex) VALUES(122, 2);
INSERT INTO public.instancia_pokemon (id_instancia, fk_pokemon_numero_pokedex) VALUES(123, 2);
INSERT INTO public.instancia_pokemon (id_instancia, fk_pokemon_numero_pokedex) VALUES(124, 2);
INSERT INTO public.instancia_pokemon (id_instancia, fk_pokemon_numero_pokedex) VALUES(125, 2);
INSERT INTO public.instancia_pokemon (id_instancia, fk_pokemon_numero_pokedex) VALUES(126, 2);
INSERT INTO public.instancia_pokemon (id_instancia, fk_pokemon_numero_pokedex) VALUES(127, 2);
INSERT INTO public.instancia_pokemon (id_instancia, fk_pokemon_numero_pokedex) VALUES(128, 2);
INSERT INTO public.instancia_pokemon (id_instancia, fk_pokemon_numero_pokedex) VALUES(129, 2);
INSERT INTO public.instancia_pokemon (id_instancia, fk_pokemon_numero_pokedex) VALUES(130, 2);
INSERT INTO public.instancia_pokemon (id_instancia, fk_pokemon_numero_pokedex) VALUES(131, 2);
INSERT INTO public.instancia_pokemon (id_instancia, fk_pokemon_numero_pokedex) VALUES(132, 2);
INSERT INTO public.instancia_pokemon (id_instancia, fk_pokemon_numero_pokedex) VALUES(133, 2);
INSERT INTO public.instancia_pokemon (id_instancia, fk_pokemon_numero_pokedex) VALUES(134, 2);
INSERT INTO public.instancia_pokemon (id_instancia, fk_pokemon_numero_pokedex) VALUES(135, 2);
INSERT INTO public.instancia_pokemon (id_instancia, fk_pokemon_numero_pokedex) VALUES(136, 2);
INSERT INTO public.instancia_pokemon (id_instancia, fk_pokemon_numero_pokedex) VALUES(137, 2);
INSERT INTO public.instancia_pokemon (id_instancia, fk_pokemon_numero_pokedex) VALUES(138, 2);
INSERT INTO public.instancia_pokemon (id_instancia, fk_pokemon_numero_pokedex) VALUES(139, 2);
INSERT INTO public.instancia_pokemon (id_instancia, fk_pokemon_numero_pokedex) VALUES(140, 2);
INSERT INTO public.instancia_pokemon (id_instancia, fk_pokemon_numero_pokedex) VALUES(141, 2);
INSERT INTO public.instancia_pokemon (id_instancia, fk_pokemon_numero_pokedex) VALUES(142, 2);
INSERT INTO public.instancia_pokemon (id_instancia, fk_pokemon_numero_pokedex) VALUES(143, 2);
INSERT INTO public.instancia_pokemon (id_instancia, fk_pokemon_numero_pokedex) VALUES(144, 2);
INSERT INTO public.instancia_pokemon (id_instancia, fk_pokemon_numero_pokedex) VALUES(145, 2);
INSERT INTO public.instancia_pokemon (id_instancia, fk_pokemon_numero_pokedex) VALUES(146, 2);
INSERT INTO public.instancia_pokemon (id_instancia, fk_pokemon_numero_pokedex) VALUES(147, 2);
INSERT INTO public.instancia_pokemon (id_instancia, fk_pokemon_numero_pokedex) VALUES(148, 2);
INSERT INTO public.instancia_pokemon (id_instancia, fk_pokemon_numero_pokedex) VALUES(149, 2);
INSERT INTO public.instancia_pokemon (id_instancia, fk_pokemon_numero_pokedex) VALUES(150, 2);
INSERT INTO public.instancia_pokemon (id_instancia, fk_pokemon_numero_pokedex) VALUES(151, 2);
INSERT INTO public.instancia_pokemon (id_instancia, fk_pokemon_numero_pokedex) VALUES(152, 2);
INSERT INTO public.instancia_pokemon (id_instancia, fk_pokemon_numero_pokedex) VALUES(153, 2);
INSERT INTO public.instancia_pokemon (id_instancia, fk_pokemon_numero_pokedex) VALUES(154, 2);
INSERT INTO public.instancia_pokemon (id_instancia, fk_pokemon_numero_pokedex) VALUES(155, 2);
INSERT INTO public.instancia_pokemon (id_instancia, fk_pokemon_numero_pokedex) VALUES(156, 2);
INSERT INTO public.instancia_pokemon (id_instancia, fk_pokemon_numero_pokedex) VALUES(157, 2);
INSERT INTO public.instancia_pokemon (id_instancia, fk_pokemon_numero_pokedex) VALUES(158, 2);
INSERT INTO public.instancia_pokemon (id_instancia, fk_pokemon_numero_pokedex) VALUES(159, 2);
INSERT INTO public.instancia_pokemon (id_instancia, fk_pokemon_numero_pokedex) VALUES(160, 2);
INSERT INTO public.instancia_pokemon (id_instancia, fk_pokemon_numero_pokedex) VALUES(161, 2);
INSERT INTO public.instancia_pokemon (id_instancia, fk_pokemon_numero_pokedex) VALUES(162, 2);
INSERT INTO public.instancia_pokemon (id_instancia, fk_pokemon_numero_pokedex) VALUES(163, 2);
INSERT INTO public.instancia_pokemon (id_instancia, fk_pokemon_numero_pokedex) VALUES(164, 2);
INSERT INTO public.instancia_pokemon (id_instancia, fk_pokemon_numero_pokedex) VALUES(165, 2);
INSERT INTO public.instancia_pokemon (id_instancia, fk_pokemon_numero_pokedex) VALUES(166, 2);
INSERT INTO public.instancia_pokemon (id_instancia, fk_pokemon_numero_pokedex) VALUES(167, 2);
INSERT INTO public.instancia_pokemon (id_instancia, fk_pokemon_numero_pokedex) VALUES(168, 2);
INSERT INTO public.instancia_pokemon (id_instancia, fk_pokemon_numero_pokedex) VALUES(169, 2);
INSERT INTO public.instancia_pokemon (id_instancia, fk_pokemon_numero_pokedex) VALUES(170, 2);
INSERT INTO public.instancia_pokemon (id_instancia, fk_pokemon_numero_pokedex) VALUES(171, 2);
INSERT INTO public.instancia_pokemon (id_instancia, fk_pokemon_numero_pokedex) VALUES(172, 2);
INSERT INTO public.instancia_pokemon (id_instancia, fk_pokemon_numero_pokedex) VALUES(173, 2);
INSERT INTO public.instancia_pokemon (id_instancia, fk_pokemon_numero_pokedex) VALUES(174, 2);
INSERT INTO public.instancia_pokemon (id_instancia, fk_pokemon_numero_pokedex) VALUES(175, 2);
INSERT INTO public.instancia_pokemon (id_instancia, fk_pokemon_numero_pokedex) VALUES(176, 2);
INSERT INTO public.instancia_pokemon (id_instancia, fk_pokemon_numero_pokedex) VALUES(177, 2);
INSERT INTO public.instancia_pokemon (id_instancia, fk_pokemon_numero_pokedex) VALUES(178, 2);
INSERT INTO public.instancia_pokemon (id_instancia, fk_pokemon_numero_pokedex) VALUES(179, 2);
INSERT INTO public.instancia_pokemon (id_instancia, fk_pokemon_numero_pokedex) VALUES(180, 2);
INSERT INTO public.instancia_pokemon (id_instancia, fk_pokemon_numero_pokedex) VALUES(181, 2);
INSERT INTO public.instancia_pokemon (id_instancia, fk_pokemon_numero_pokedex) VALUES(182, 2);
INSERT INTO public.instancia_pokemon (id_instancia, fk_pokemon_numero_pokedex) VALUES(183, 2);
INSERT INTO public.instancia_pokemon (id_instancia, fk_pokemon_numero_pokedex) VALUES(184, 2);
INSERT INTO public.instancia_pokemon (id_instancia, fk_pokemon_numero_pokedex) VALUES(185, 2);
INSERT INTO public.instancia_pokemon (id_instancia, fk_pokemon_numero_pokedex) VALUES(186, 2);
INSERT INTO public.instancia_pokemon (id_instancia, fk_pokemon_numero_pokedex) VALUES(187, 2);
INSERT INTO public.instancia_pokemon (id_instancia, fk_pokemon_numero_pokedex) VALUES(188, 2);
INSERT INTO public.instancia_pokemon (id_instancia, fk_pokemon_numero_pokedex) VALUES(189, 2);
INSERT INTO public.instancia_pokemon (id_instancia, fk_pokemon_numero_pokedex) VALUES(190, 2);
INSERT INTO public.instancia_pokemon (id_instancia, fk_pokemon_numero_pokedex) VALUES(191, 2);
INSERT INTO public.instancia_pokemon (id_instancia, fk_pokemon_numero_pokedex) VALUES(192, 2);
INSERT INTO public.instancia_pokemon (id_instancia, fk_pokemon_numero_pokedex) VALUES(193, 2);
INSERT INTO public.instancia_pokemon (id_instancia, fk_pokemon_numero_pokedex) VALUES(194, 2);
INSERT INTO public.instancia_pokemon (id_instancia, fk_pokemon_numero_pokedex) VALUES(195, 2);
INSERT INTO public.instancia_pokemon (id_instancia, fk_pokemon_numero_pokedex) VALUES(196, 2);
INSERT INTO public.instancia_pokemon (id_instancia, fk_pokemon_numero_pokedex) VALUES(197, 2);
INSERT INTO public.instancia_pokemon (id_instancia, fk_pokemon_numero_pokedex) VALUES(198, 2);
INSERT INTO public.instancia_pokemon (id_instancia, fk_pokemon_numero_pokedex) VALUES(199, 2);
INSERT INTO public.instancia_pokemon (id_instancia, fk_pokemon_numero_pokedex) VALUES(200, 2);
INSERT INTO public.instancia_pokemon (id_instancia, fk_pokemon_numero_pokedex) VALUES(201, 3);
INSERT INTO public.instancia_pokemon (id_instancia, fk_pokemon_numero_pokedex) VALUES(202, 3);
INSERT INTO public.instancia_pokemon (id_instancia, fk_pokemon_numero_pokedex) VALUES(203, 3);
INSERT INTO public.instancia_pokemon (id_instancia, fk_pokemon_numero_pokedex) VALUES(204, 3);
INSERT INTO public.instancia_pokemon (id_instancia, fk_pokemon_numero_pokedex) VALUES(205, 3);
INSERT INTO public.instancia_pokemon (id_instancia, fk_pokemon_numero_pokedex) VALUES(206, 3);
INSERT INTO public.instancia_pokemon (id_instancia, fk_pokemon_numero_pokedex) VALUES(207, 3);
INSERT INTO public.instancia_pokemon (id_instancia, fk_pokemon_numero_pokedex) VALUES(208, 3);
INSERT INTO public.instancia_pokemon (id_instancia, fk_pokemon_numero_pokedex) VALUES(209, 3);
INSERT INTO public.instancia_pokemon (id_instancia, fk_pokemon_numero_pokedex) VALUES(210, 3);
INSERT INTO public.instancia_pokemon (id_instancia, fk_pokemon_numero_pokedex) VALUES(211, 3);
INSERT INTO public.instancia_pokemon (id_instancia, fk_pokemon_numero_pokedex) VALUES(212, 3);
INSERT INTO public.instancia_pokemon (id_instancia, fk_pokemon_numero_pokedex) VALUES(213, 3);
INSERT INTO public.instancia_pokemon (id_instancia, fk_pokemon_numero_pokedex) VALUES(214, 3);
INSERT INTO public.instancia_pokemon (id_instancia, fk_pokemon_numero_pokedex) VALUES(215, 3);
INSERT INTO public.instancia_pokemon (id_instancia, fk_pokemon_numero_pokedex) VALUES(216, 3);
INSERT INTO public.instancia_pokemon (id_instancia, fk_pokemon_numero_pokedex) VALUES(217, 3);
INSERT INTO public.instancia_pokemon (id_instancia, fk_pokemon_numero_pokedex) VALUES(218, 3);
INSERT INTO public.instancia_pokemon (id_instancia, fk_pokemon_numero_pokedex) VALUES(219, 3);
INSERT INTO public.instancia_pokemon (id_instancia, fk_pokemon_numero_pokedex) VALUES(220, 3);
INSERT INTO public.instancia_pokemon (id_instancia, fk_pokemon_numero_pokedex) VALUES(221, 3);
INSERT INTO public.instancia_pokemon (id_instancia, fk_pokemon_numero_pokedex) VALUES(222, 3);
INSERT INTO public.instancia_pokemon (id_instancia, fk_pokemon_numero_pokedex) VALUES(223, 3);
INSERT INTO public.instancia_pokemon (id_instancia, fk_pokemon_numero_pokedex) VALUES(224, 3);
INSERT INTO public.instancia_pokemon (id_instancia, fk_pokemon_numero_pokedex) VALUES(225, 3);
INSERT INTO public.instancia_pokemon (id_instancia, fk_pokemon_numero_pokedex) VALUES(226, 3);
INSERT INTO public.instancia_pokemon (id_instancia, fk_pokemon_numero_pokedex) VALUES(227, 3);
INSERT INTO public.instancia_pokemon (id_instancia, fk_pokemon_numero_pokedex) VALUES(228, 3);
INSERT INTO public.instancia_pokemon (id_instancia, fk_pokemon_numero_pokedex) VALUES(229, 3);
INSERT INTO public.instancia_pokemon (id_instancia, fk_pokemon_numero_pokedex) VALUES(230, 3);
INSERT INTO public.instancia_pokemon (id_instancia, fk_pokemon_numero_pokedex) VALUES(231, 3);
INSERT INTO public.instancia_pokemon (id_instancia, fk_pokemon_numero_pokedex) VALUES(232, 3);
INSERT INTO public.instancia_pokemon (id_instancia, fk_pokemon_numero_pokedex) VALUES(233, 3);
INSERT INTO public.instancia_pokemon (id_instancia, fk_pokemon_numero_pokedex) VALUES(234, 3);
INSERT INTO public.instancia_pokemon (id_instancia, fk_pokemon_numero_pokedex) VALUES(235, 3);
INSERT INTO public.instancia_pokemon (id_instancia, fk_pokemon_numero_pokedex) VALUES(236, 3);
INSERT INTO public.instancia_pokemon (id_instancia, fk_pokemon_numero_pokedex) VALUES(237, 3);
INSERT INTO public.instancia_pokemon (id_instancia, fk_pokemon_numero_pokedex) VALUES(238, 3);
INSERT INTO public.instancia_pokemon (id_instancia, fk_pokemon_numero_pokedex) VALUES(239, 3);
INSERT INTO public.instancia_pokemon (id_instancia, fk_pokemon_numero_pokedex) VALUES(240, 3);
INSERT INTO public.instancia_pokemon (id_instancia, fk_pokemon_numero_pokedex) VALUES(241, 3);
INSERT INTO public.instancia_pokemon (id_instancia, fk_pokemon_numero_pokedex) VALUES(242, 3);
INSERT INTO public.instancia_pokemon (id_instancia, fk_pokemon_numero_pokedex) VALUES(243, 3);
INSERT INTO public.instancia_pokemon (id_instancia, fk_pokemon_numero_pokedex) VALUES(244, 3);
INSERT INTO public.instancia_pokemon (id_instancia, fk_pokemon_numero_pokedex) VALUES(245, 3);
INSERT INTO public.instancia_pokemon (id_instancia, fk_pokemon_numero_pokedex) VALUES(246, 3);
INSERT INTO public.instancia_pokemon (id_instancia, fk_pokemon_numero_pokedex) VALUES(247, 3);
INSERT INTO public.instancia_pokemon (id_instancia, fk_pokemon_numero_pokedex) VALUES(248, 3);
INSERT INTO public.instancia_pokemon (id_instancia, fk_pokemon_numero_pokedex) VALUES(249, 3);
INSERT INTO public.instancia_pokemon (id_instancia, fk_pokemon_numero_pokedex) VALUES(250, 3);
INSERT INTO public.instancia_pokemon (id_instancia, fk_pokemon_numero_pokedex) VALUES(251, 3);
INSERT INTO public.instancia_pokemon (id_instancia, fk_pokemon_numero_pokedex) VALUES(252, 3);
INSERT INTO public.instancia_pokemon (id_instancia, fk_pokemon_numero_pokedex) VALUES(253, 3);
INSERT INTO public.instancia_pokemon (id_instancia, fk_pokemon_numero_pokedex) VALUES(254, 3);
INSERT INTO public.instancia_pokemon (id_instancia, fk_pokemon_numero_pokedex) VALUES(255, 3);
INSERT INTO public.instancia_pokemon (id_instancia, fk_pokemon_numero_pokedex) VALUES(256, 3);
INSERT INTO public.instancia_pokemon (id_instancia, fk_pokemon_numero_pokedex) VALUES(257, 3);
INSERT INTO public.instancia_pokemon (id_instancia, fk_pokemon_numero_pokedex) VALUES(258, 3);
INSERT INTO public.instancia_pokemon (id_instancia, fk_pokemon_numero_pokedex) VALUES(259, 3);
INSERT INTO public.instancia_pokemon (id_instancia, fk_pokemon_numero_pokedex) VALUES(260, 3);
INSERT INTO public.instancia_pokemon (id_instancia, fk_pokemon_numero_pokedex) VALUES(261, 3);
INSERT INTO public.instancia_pokemon (id_instancia, fk_pokemon_numero_pokedex) VALUES(262, 3);
INSERT INTO public.instancia_pokemon (id_instancia, fk_pokemon_numero_pokedex) VALUES(263, 3);
INSERT INTO public.instancia_pokemon (id_instancia, fk_pokemon_numero_pokedex) VALUES(264, 3);
INSERT INTO public.instancia_pokemon (id_instancia, fk_pokemon_numero_pokedex) VALUES(265, 3);
INSERT INTO public.instancia_pokemon (id_instancia, fk_pokemon_numero_pokedex) VALUES(266, 3);
INSERT INTO public.instancia_pokemon (id_instancia, fk_pokemon_numero_pokedex) VALUES(267, 3);
INSERT INTO public.instancia_pokemon (id_instancia, fk_pokemon_numero_pokedex) VALUES(268, 3);
INSERT INTO public.instancia_pokemon (id_instancia, fk_pokemon_numero_pokedex) VALUES(269, 3);
INSERT INTO public.instancia_pokemon (id_instancia, fk_pokemon_numero_pokedex) VALUES(270, 3);
INSERT INTO public.instancia_pokemon (id_instancia, fk_pokemon_numero_pokedex) VALUES(271, 3);
INSERT INTO public.instancia_pokemon (id_instancia, fk_pokemon_numero_pokedex) VALUES(272, 3);
INSERT INTO public.instancia_pokemon (id_instancia, fk_pokemon_numero_pokedex) VALUES(273, 3);
INSERT INTO public.instancia_pokemon (id_instancia, fk_pokemon_numero_pokedex) VALUES(274, 3);
INSERT INTO public.instancia_pokemon (id_instancia, fk_pokemon_numero_pokedex) VALUES(275, 3);
INSERT INTO public.instancia_pokemon (id_instancia, fk_pokemon_numero_pokedex) VALUES(276, 3);
INSERT INTO public.instancia_pokemon (id_instancia, fk_pokemon_numero_pokedex) VALUES(277, 3);
INSERT INTO public.instancia_pokemon (id_instancia, fk_pokemon_numero_pokedex) VALUES(278, 3);
INSERT INTO public.instancia_pokemon (id_instancia, fk_pokemon_numero_pokedex) VALUES(279, 3);
INSERT INTO public.instancia_pokemon (id_instancia, fk_pokemon_numero_pokedex) VALUES(280, 3);
INSERT INTO public.instancia_pokemon (id_instancia, fk_pokemon_numero_pokedex) VALUES(281, 3);
INSERT INTO public.instancia_pokemon (id_instancia, fk_pokemon_numero_pokedex) VALUES(282, 3);
INSERT INTO public.instancia_pokemon (id_instancia, fk_pokemon_numero_pokedex) VALUES(283, 3);
INSERT INTO public.instancia_pokemon (id_instancia, fk_pokemon_numero_pokedex) VALUES(284, 3);
INSERT INTO public.instancia_pokemon (id_instancia, fk_pokemon_numero_pokedex) VALUES(285, 3);
INSERT INTO public.instancia_pokemon (id_instancia, fk_pokemon_numero_pokedex) VALUES(286, 3);
INSERT INTO public.instancia_pokemon (id_instancia, fk_pokemon_numero_pokedex) VALUES(287, 3);
INSERT INTO public.instancia_pokemon (id_instancia, fk_pokemon_numero_pokedex) VALUES(288, 3);
INSERT INTO public.instancia_pokemon (id_instancia, fk_pokemon_numero_pokedex) VALUES(289, 3);
INSERT INTO public.instancia_pokemon (id_instancia, fk_pokemon_numero_pokedex) VALUES(290, 3);
INSERT INTO public.instancia_pokemon (id_instancia, fk_pokemon_numero_pokedex) VALUES(291, 3);
INSERT INTO public.instancia_pokemon (id_instancia, fk_pokemon_numero_pokedex) VALUES(292, 3);
INSERT INTO public.instancia_pokemon (id_instancia, fk_pokemon_numero_pokedex) VALUES(293, 3);
INSERT INTO public.instancia_pokemon (id_instancia, fk_pokemon_numero_pokedex) VALUES(294, 3);
INSERT INTO public.instancia_pokemon (id_instancia, fk_pokemon_numero_pokedex) VALUES(295, 3);
INSERT INTO public.instancia_pokemon (id_instancia, fk_pokemon_numero_pokedex) VALUES(296, 3);
INSERT INTO public.instancia_pokemon (id_instancia, fk_pokemon_numero_pokedex) VALUES(297, 3);
INSERT INTO public.instancia_pokemon (id_instancia, fk_pokemon_numero_pokedex) VALUES(298, 3);
INSERT INTO public.instancia_pokemon (id_instancia, fk_pokemon_numero_pokedex) VALUES(299, 3);
INSERT INTO public.instancia_pokemon (id_instancia, fk_pokemon_numero_pokedex) VALUES(300, 3);
INSERT INTO public.instancia_pokemon (id_instancia, fk_pokemon_numero_pokedex) VALUES(301, 4);
INSERT INTO public.instancia_pokemon (id_instancia, fk_pokemon_numero_pokedex) VALUES(302, 4);
INSERT INTO public.instancia_pokemon (id_instancia, fk_pokemon_numero_pokedex) VALUES(303, 4);
INSERT INTO public.instancia_pokemon (id_instancia, fk_pokemon_numero_pokedex) VALUES(304, 4);
INSERT INTO public.instancia_pokemon (id_instancia, fk_pokemon_numero_pokedex) VALUES(305, 4);
INSERT INTO public.instancia_pokemon (id_instancia, fk_pokemon_numero_pokedex) VALUES(306, 4);
INSERT INTO public.instancia_pokemon (id_instancia, fk_pokemon_numero_pokedex) VALUES(307, 4);
INSERT INTO public.instancia_pokemon (id_instancia, fk_pokemon_numero_pokedex) VALUES(308, 4);
INSERT INTO public.instancia_pokemon (id_instancia, fk_pokemon_numero_pokedex) VALUES(309, 4);
INSERT INTO public.instancia_pokemon (id_instancia, fk_pokemon_numero_pokedex) VALUES(310, 4);
INSERT INTO public.instancia_pokemon (id_instancia, fk_pokemon_numero_pokedex) VALUES(311, 4);
INSERT INTO public.instancia_pokemon (id_instancia, fk_pokemon_numero_pokedex) VALUES(312, 4);
INSERT INTO public.instancia_pokemon (id_instancia, fk_pokemon_numero_pokedex) VALUES(313, 4);
INSERT INTO public.instancia_pokemon (id_instancia, fk_pokemon_numero_pokedex) VALUES(314, 4);
INSERT INTO public.instancia_pokemon (id_instancia, fk_pokemon_numero_pokedex) VALUES(315, 4);
INSERT INTO public.instancia_pokemon (id_instancia, fk_pokemon_numero_pokedex) VALUES(316, 4);
INSERT INTO public.instancia_pokemon (id_instancia, fk_pokemon_numero_pokedex) VALUES(317, 4);
INSERT INTO public.instancia_pokemon (id_instancia, fk_pokemon_numero_pokedex) VALUES(318, 4);
INSERT INTO public.instancia_pokemon (id_instancia, fk_pokemon_numero_pokedex) VALUES(319, 4);
INSERT INTO public.instancia_pokemon (id_instancia, fk_pokemon_numero_pokedex) VALUES(320, 4);
INSERT INTO public.instancia_pokemon (id_instancia, fk_pokemon_numero_pokedex) VALUES(321, 4);
INSERT INTO public.instancia_pokemon (id_instancia, fk_pokemon_numero_pokedex) VALUES(322, 4);
INSERT INTO public.instancia_pokemon (id_instancia, fk_pokemon_numero_pokedex) VALUES(323, 4);
INSERT INTO public.instancia_pokemon (id_instancia, fk_pokemon_numero_pokedex) VALUES(324, 4);
INSERT INTO public.instancia_pokemon (id_instancia, fk_pokemon_numero_pokedex) VALUES(325, 4);
INSERT INTO public.instancia_pokemon (id_instancia, fk_pokemon_numero_pokedex) VALUES(326, 4);
INSERT INTO public.instancia_pokemon (id_instancia, fk_pokemon_numero_pokedex) VALUES(327, 4);
INSERT INTO public.instancia_pokemon (id_instancia, fk_pokemon_numero_pokedex) VALUES(328, 4);
INSERT INTO public.instancia_pokemon (id_instancia, fk_pokemon_numero_pokedex) VALUES(329, 4);
INSERT INTO public.instancia_pokemon (id_instancia, fk_pokemon_numero_pokedex) VALUES(330, 4);
INSERT INTO public.instancia_pokemon (id_instancia, fk_pokemon_numero_pokedex) VALUES(331, 4);
INSERT INTO public.instancia_pokemon (id_instancia, fk_pokemon_numero_pokedex) VALUES(332, 4);
INSERT INTO public.instancia_pokemon (id_instancia, fk_pokemon_numero_pokedex) VALUES(333, 4);
INSERT INTO public.instancia_pokemon (id_instancia, fk_pokemon_numero_pokedex) VALUES(334, 4);
INSERT INTO public.instancia_pokemon (id_instancia, fk_pokemon_numero_pokedex) VALUES(335, 4);
INSERT INTO public.instancia_pokemon (id_instancia, fk_pokemon_numero_pokedex) VALUES(336, 4);
INSERT INTO public.instancia_pokemon (id_instancia, fk_pokemon_numero_pokedex) VALUES(337, 4);
INSERT INTO public.instancia_pokemon (id_instancia, fk_pokemon_numero_pokedex) VALUES(338, 4);
INSERT INTO public.instancia_pokemon (id_instancia, fk_pokemon_numero_pokedex) VALUES(339, 4);
INSERT INTO public.instancia_pokemon (id_instancia, fk_pokemon_numero_pokedex) VALUES(340, 4);
INSERT INTO public.instancia_pokemon (id_instancia, fk_pokemon_numero_pokedex) VALUES(341, 4);
INSERT INTO public.instancia_pokemon (id_instancia, fk_pokemon_numero_pokedex) VALUES(342, 4);
INSERT INTO public.instancia_pokemon (id_instancia, fk_pokemon_numero_pokedex) VALUES(343, 4);
INSERT INTO public.instancia_pokemon (id_instancia, fk_pokemon_numero_pokedex) VALUES(344, 4);
INSERT INTO public.instancia_pokemon (id_instancia, fk_pokemon_numero_pokedex) VALUES(345, 4);
INSERT INTO public.instancia_pokemon (id_instancia, fk_pokemon_numero_pokedex) VALUES(346, 4);
INSERT INTO public.instancia_pokemon (id_instancia, fk_pokemon_numero_pokedex) VALUES(347, 4);
INSERT INTO public.instancia_pokemon (id_instancia, fk_pokemon_numero_pokedex) VALUES(348, 4);
INSERT INTO public.instancia_pokemon (id_instancia, fk_pokemon_numero_pokedex) VALUES(349, 4);
INSERT INTO public.instancia_pokemon (id_instancia, fk_pokemon_numero_pokedex) VALUES(350, 4);
INSERT INTO public.instancia_pokemon (id_instancia, fk_pokemon_numero_pokedex) VALUES(351, 4);
INSERT INTO public.instancia_pokemon (id_instancia, fk_pokemon_numero_pokedex) VALUES(352, 4);
INSERT INTO public.instancia_pokemon (id_instancia, fk_pokemon_numero_pokedex) VALUES(353, 4);
INSERT INTO public.instancia_pokemon (id_instancia, fk_pokemon_numero_pokedex) VALUES(354, 4);
INSERT INTO public.instancia_pokemon (id_instancia, fk_pokemon_numero_pokedex) VALUES(355, 4);
INSERT INTO public.instancia_pokemon (id_instancia, fk_pokemon_numero_pokedex) VALUES(356, 4);
INSERT INTO public.instancia_pokemon (id_instancia, fk_pokemon_numero_pokedex) VALUES(357, 4);
INSERT INTO public.instancia_pokemon (id_instancia, fk_pokemon_numero_pokedex) VALUES(358, 4);
INSERT INTO public.instancia_pokemon (id_instancia, fk_pokemon_numero_pokedex) VALUES(359, 4);
INSERT INTO public.instancia_pokemon (id_instancia, fk_pokemon_numero_pokedex) VALUES(360, 4);
INSERT INTO public.instancia_pokemon (id_instancia, fk_pokemon_numero_pokedex) VALUES(361, 4);
INSERT INTO public.instancia_pokemon (id_instancia, fk_pokemon_numero_pokedex) VALUES(362, 4);
INSERT INTO public.instancia_pokemon (id_instancia, fk_pokemon_numero_pokedex) VALUES(363, 4);
INSERT INTO public.instancia_pokemon (id_instancia, fk_pokemon_numero_pokedex) VALUES(364, 4);
INSERT INTO public.instancia_pokemon (id_instancia, fk_pokemon_numero_pokedex) VALUES(365, 4);
INSERT INTO public.instancia_pokemon (id_instancia, fk_pokemon_numero_pokedex) VALUES(366, 4);
INSERT INTO public.instancia_pokemon (id_instancia, fk_pokemon_numero_pokedex) VALUES(367, 4);
INSERT INTO public.instancia_pokemon (id_instancia, fk_pokemon_numero_pokedex) VALUES(368, 4);
INSERT INTO public.instancia_pokemon (id_instancia, fk_pokemon_numero_pokedex) VALUES(369, 4);
INSERT INTO public.instancia_pokemon (id_instancia, fk_pokemon_numero_pokedex) VALUES(370, 4);
INSERT INTO public.instancia_pokemon (id_instancia, fk_pokemon_numero_pokedex) VALUES(371, 4);
INSERT INTO public.instancia_pokemon (id_instancia, fk_pokemon_numero_pokedex) VALUES(372, 4);
INSERT INTO public.instancia_pokemon (id_instancia, fk_pokemon_numero_pokedex) VALUES(373, 4);
INSERT INTO public.instancia_pokemon (id_instancia, fk_pokemon_numero_pokedex) VALUES(374, 4);
INSERT INTO public.instancia_pokemon (id_instancia, fk_pokemon_numero_pokedex) VALUES(375, 4);
INSERT INTO public.instancia_pokemon (id_instancia, fk_pokemon_numero_pokedex) VALUES(376, 4);
INSERT INTO public.instancia_pokemon (id_instancia, fk_pokemon_numero_pokedex) VALUES(377, 4);
INSERT INTO public.instancia_pokemon (id_instancia, fk_pokemon_numero_pokedex) VALUES(378, 4);
INSERT INTO public.instancia_pokemon (id_instancia, fk_pokemon_numero_pokedex) VALUES(379, 4);
INSERT INTO public.instancia_pokemon (id_instancia, fk_pokemon_numero_pokedex) VALUES(380, 4);
INSERT INTO public.instancia_pokemon (id_instancia, fk_pokemon_numero_pokedex) VALUES(381, 4);
INSERT INTO public.instancia_pokemon (id_instancia, fk_pokemon_numero_pokedex) VALUES(382, 4);
INSERT INTO public.instancia_pokemon (id_instancia, fk_pokemon_numero_pokedex) VALUES(383, 4);
INSERT INTO public.instancia_pokemon (id_instancia, fk_pokemon_numero_pokedex) VALUES(384, 4);
INSERT INTO public.instancia_pokemon (id_instancia, fk_pokemon_numero_pokedex) VALUES(385, 4);
INSERT INTO public.instancia_pokemon (id_instancia, fk_pokemon_numero_pokedex) VALUES(386, 4);
INSERT INTO public.instancia_pokemon (id_instancia, fk_pokemon_numero_pokedex) VALUES(387, 4);
INSERT INTO public.instancia_pokemon (id_instancia, fk_pokemon_numero_pokedex) VALUES(388, 4);
INSERT INTO public.instancia_pokemon (id_instancia, fk_pokemon_numero_pokedex) VALUES(389, 4);
INSERT INTO public.instancia_pokemon (id_instancia, fk_pokemon_numero_pokedex) VALUES(390, 4);
INSERT INTO public.instancia_pokemon (id_instancia, fk_pokemon_numero_pokedex) VALUES(391, 4);
INSERT INTO public.instancia_pokemon (id_instancia, fk_pokemon_numero_pokedex) VALUES(392, 4);
INSERT INTO public.instancia_pokemon (id_instancia, fk_pokemon_numero_pokedex) VALUES(393, 4);
INSERT INTO public.instancia_pokemon (id_instancia, fk_pokemon_numero_pokedex) VALUES(394, 4);
INSERT INTO public.instancia_pokemon (id_instancia, fk_pokemon_numero_pokedex) VALUES(395, 4);
INSERT INTO public.instancia_pokemon (id_instancia, fk_pokemon_numero_pokedex) VALUES(396, 4);
INSERT INTO public.instancia_pokemon (id_instancia, fk_pokemon_numero_pokedex) VALUES(397, 4);
INSERT INTO public.instancia_pokemon (id_instancia, fk_pokemon_numero_pokedex) VALUES(398, 4);
INSERT INTO public.instancia_pokemon (id_instancia, fk_pokemon_numero_pokedex) VALUES(399, 4);
INSERT INTO public.instancia_pokemon (id_instancia, fk_pokemon_numero_pokedex) VALUES(400, 4);

/* Inserir dados na tabela Treinador */

INSERT INTO public.treinador(nome, id, xp) VALUES
('João Pedro',1,350),
('Maycon Felipe',2,200),
('Vítor Oliveira',3,275),
('Marcim',4,1),
('Baianinho de Mauá',5,717),
('Cleitão',6,908),
('Deide Costa',7,260),
('Malik Freitas',8,342),
('Tiger dos Santos',9,562),
('Guinevere Bastos',10,438),
('Debra Lemos',11,722),
('Nathan Moraes',12,9),
('Scarlett Bezerra',13,674),
('Chancellor de Araujo',14,243),
('Rinah Cunha',15,68),
('Mufutau Das Gracas',16,33),
('Nelle de Santana',17,483),
('Benjamin Andrade',18,403),
('Finn Pereira',19,947),
('Addison Mendes',20,47),
('Madeson Henrique',21,72),
('Akeem Inacio',22,422),
('Jaquelyn de Barros',23,267),
('Jailson Mendes',24,26),
('Vernon Bento',25,646),
('Jasmine Campos',26,167),
('Cody Pinto',27,366),
('Justina Gomes',28,343),
('Bell Galdino',29,416),
('Cade de Araujo',30,129),
('Nathaniel dos Santos',31,824),
('Ronan de Andrade',32,285),
('Jocelyn Neves',33,639),
('Signe Firmino',34,827),
('Alec Franca',35,710),
('Keefe Moura',36,351),
('Veda de Castro',37,717),
('Allegra de Souza',38,441),
('Nero Magalhaes',39,641),
('Judith Franco',40,962),
('Shad Pacheco',41,660),
('Vincent Aparecido',42,161),
('Wing Correia',43,944),
('Tyler Monteiro',44,449),
('Walter Macedo',45,586),
('Cassandra de Souza',46,534),
('Brenden Firmino',47,880),
('Gay Bezerra',48,321),
('Dolan Vaz',49,786),
('Aquila Silveira',50,339),
('Nelle Reis',51,424),
('Igor Leal',52,567),
('Chadwick Carvalho',53,328),
('Garth Garcia',54,240),
('Cody Bento',55,816),
('Yvonne Cavalcante',56,851),
('Uta Sántos',57,337),
('Zachery Lemos',58,750),
('Rana Pacheco',59,426),
('Eric Torres',60,837),
('Wallace Fernandes',61,195),
('Benjamin Marinho',62,108),
('Nasim Morais',63,506),
('Kellie Matos',64,878),
('Jada Barboza',65,292),
('Patrick de Assis',66,210),
('Georgia Freitas',67,758),
('Glenna Matos',68,37),
('Luke Amaral',69,626),
('Driscoll Pinheiro',70,557),
('Raven da Luz',71,546),
('Scott Bastos',72,905),
('Troy Domingues',73,18),
('Mercedes da Rocha',74,384),
('Jesse Siqueira',75,950),
('Rebekah de Jesus',76,83),
('Brenda Azevedo',77,84),
('Harper Fernandes',78,576),
('Britanney Maciel',79,45),
('Alec Simoes',80,829),
('Hayden Teodoro',81,153),
('Cassandra Inacio',82,346),
('Idola Torres',83,971),
('Arden Henrique',84,364),
('Ina Borges',85,144),
('Kellie Ramos',86,637),
('Cairo Coutinho',87,935),
('Aristotle Pinto',88,868),
('Kaitlin Almeida',89,459),
('Virginia Domingos',90,170),
('Hasad Mendonca',91,844),
('Ira Souza',92,676),
('Kimberley de Moraes',93,248),
('Karly de Moura',94,357),
('Herman Santos',95,636),
('Norman Santos',96,828),
('Lee Vasconcelos',97,983),
('Rahim Nascimento',98,893),
('Harper de Jesus',99,197),
('Kennedy Dutra',100,772),
('Adria Souza',101,478),
('Zenaida Carvalho',102,724),
('Xenos Monteiro',103,855),
('Arsenio Candido',104,321),
('Flynn Evangelista',105,461),
('Zelenia de Fatima',106,80),
('Jamal Fagundes',107,378),
('Reese Sousa',108,109),
('Guinevere da Cunha',109,97),
('Yardley Pinheiro',110,518),
('Ferdinand Neves',111,916),
('Graiden Morais',112,69),
('Brody Barbosa',113,56),
('Christian Farias',114,998),
('Aurelia Vaz',115,821),
('Shannon Dantas',116,90),
('Kim Coutinho',117,605),
('Jasmine Santiago',118,864),
('Maryam Bueno',119,906),
('Raven Silveira',120,826),
('Dominic Gonçalves',121,294),
('Cora Sales',122,622),
('Rhona Chaves',123,579),
('Regan Bispo',124,139),
('Otto Pereira',125,193),
('Keegan Chaves',126,405),
('Vera Rezende',127,33),
('Hamilton Mendes',128,507);

/* Inserir na tabela pokebola */

INSERT INTO public.pokebola (nivel_de_forca, id, fk_treinador_id) VALUES('normal', 1, 1);
INSERT INTO public.pokebola (nivel_de_forca, id, fk_treinador_id) VALUES('great ball', 2, 1);
INSERT INTO public.pokebola (nivel_de_forca, id, fk_treinador_id) VALUES('ultra ball', 3, 1);
INSERT INTO public.pokebola (nivel_de_forca, id, fk_treinador_id) VALUES('master ball', 4, 1);
INSERT INTO public.pokebola (nivel_de_forca, id, fk_treinador_id) VALUES('normal', 5, 2);
INSERT INTO public.pokebola (nivel_de_forca, id, fk_treinador_id) VALUES('great ball', 6, 2);
INSERT INTO public.pokebola (nivel_de_forca, id, fk_treinador_id) VALUES('ultra ball', 7, 2);
INSERT INTO public.pokebola (nivel_de_forca, id, fk_treinador_id) VALUES('master ball', 8, 2);
INSERT INTO public.pokebola (nivel_de_forca, id, fk_treinador_id) VALUES('normal', 9, 3);
INSERT INTO public.pokebola (nivel_de_forca, id, fk_treinador_id) VALUES('great ball', 10, 3);
INSERT INTO public.pokebola (nivel_de_forca, id, fk_treinador_id) VALUES('ultra ball', 11, 3);
INSERT INTO public.pokebola (nivel_de_forca, id, fk_treinador_id) VALUES('master ball', 12, 3);
INSERT INTO public.pokebola (nivel_de_forca, id, fk_treinador_id) VALUES('normal', 13, 4);
INSERT INTO public.pokebola (nivel_de_forca, id, fk_treinador_id) VALUES('great ball', 14, 4);
INSERT INTO public.pokebola (nivel_de_forca, id, fk_treinador_id) VALUES('ultra ball', 15, 4);
INSERT INTO public.pokebola (nivel_de_forca, id, fk_treinador_id) VALUES('master ball', 16, 4);
INSERT INTO public.pokebola (nivel_de_forca, id, fk_treinador_id) VALUES('normal', 17, 5);
INSERT INTO public.pokebola (nivel_de_forca, id, fk_treinador_id) VALUES('great ball', 18, 5);
INSERT INTO public.pokebola (nivel_de_forca, id, fk_treinador_id) VALUES('ultra ball', 19, 5);
INSERT INTO public.pokebola (nivel_de_forca, id, fk_treinador_id) VALUES('master ball', 20, 5);
INSERT INTO public.pokebola (nivel_de_forca, id, fk_treinador_id) VALUES('normal', 21, 6);
INSERT INTO public.pokebola (nivel_de_forca, id, fk_treinador_id) VALUES('great ball', 22, 6);
INSERT INTO public.pokebola (nivel_de_forca, id, fk_treinador_id) VALUES('ultra ball', 23, 6);
INSERT INTO public.pokebola (nivel_de_forca, id, fk_treinador_id) VALUES('master ball', 24, 6);
INSERT INTO public.pokebola (nivel_de_forca, id, fk_treinador_id) VALUES('normal', 25, 7);
INSERT INTO public.pokebola (nivel_de_forca, id, fk_treinador_id) VALUES('great ball', 26, 7);
INSERT INTO public.pokebola (nivel_de_forca, id, fk_treinador_id) VALUES('ultra ball', 27, 7);
INSERT INTO public.pokebola (nivel_de_forca, id, fk_treinador_id) VALUES('master ball', 28, 7);
INSERT INTO public.pokebola (nivel_de_forca, id, fk_treinador_id) VALUES('normal', 29, 8);
INSERT INTO public.pokebola (nivel_de_forca, id, fk_treinador_id) VALUES('great ball', 30, 8);
INSERT INTO public.pokebola (nivel_de_forca, id, fk_treinador_id) VALUES('ultra ball', 31, 8);
INSERT INTO public.pokebola (nivel_de_forca, id, fk_treinador_id) VALUES('master ball', 32, 8);
INSERT INTO public.pokebola (nivel_de_forca, id, fk_treinador_id) VALUES('normal', 33, 9);
INSERT INTO public.pokebola (nivel_de_forca, id, fk_treinador_id) VALUES('great ball', 34, 9);
INSERT INTO public.pokebola (nivel_de_forca, id, fk_treinador_id) VALUES('ultra ball', 35, 9);
INSERT INTO public.pokebola (nivel_de_forca, id, fk_treinador_id) VALUES('master ball', 36, 9);
INSERT INTO public.pokebola (nivel_de_forca, id, fk_treinador_id) VALUES('normal', 37, 10);
INSERT INTO public.pokebola (nivel_de_forca, id, fk_treinador_id) VALUES('great ball', 38, 10);
INSERT INTO public.pokebola (nivel_de_forca, id, fk_treinador_id) VALUES('ultra ball', 39, 10);
INSERT INTO public.pokebola (nivel_de_forca, id, fk_treinador_id) VALUES('master ball', 40, 10);
INSERT INTO public.pokebola (nivel_de_forca, id, fk_treinador_id) VALUES('normal', 41, 11);
INSERT INTO public.pokebola (nivel_de_forca, id, fk_treinador_id) VALUES('great ball', 42, 11);
INSERT INTO public.pokebola (nivel_de_forca, id, fk_treinador_id) VALUES('ultra ball', 43, 11);
INSERT INTO public.pokebola (nivel_de_forca, id, fk_treinador_id) VALUES('master ball', 44, 11);
INSERT INTO public.pokebola (nivel_de_forca, id, fk_treinador_id) VALUES('normal', 45, 12);
INSERT INTO public.pokebola (nivel_de_forca, id, fk_treinador_id) VALUES('great ball', 46, 12);
INSERT INTO public.pokebola (nivel_de_forca, id, fk_treinador_id) VALUES('ultra ball', 47, 12);
INSERT INTO public.pokebola (nivel_de_forca, id, fk_treinador_id) VALUES('master ball', 48, 12);
INSERT INTO public.pokebola (nivel_de_forca, id, fk_treinador_id) VALUES('normal', 49, 13);
INSERT INTO public.pokebola (nivel_de_forca, id, fk_treinador_id) VALUES('great ball', 50, 13);
INSERT INTO public.pokebola (nivel_de_forca, id, fk_treinador_id) VALUES('ultra ball', 51, 13);
INSERT INTO public.pokebola (nivel_de_forca, id, fk_treinador_id) VALUES('master ball', 52, 13);
INSERT INTO public.pokebola (nivel_de_forca, id, fk_treinador_id) VALUES('normal', 53, 14);
INSERT INTO public.pokebola (nivel_de_forca, id, fk_treinador_id) VALUES('great ball', 54, 14);
INSERT INTO public.pokebola (nivel_de_forca, id, fk_treinador_id) VALUES('ultra ball', 55, 14);
INSERT INTO public.pokebola (nivel_de_forca, id, fk_treinador_id) VALUES('master ball', 56, 14);
INSERT INTO public.pokebola (nivel_de_forca, id, fk_treinador_id) VALUES('normal', 57, 15);
INSERT INTO public.pokebola (nivel_de_forca, id, fk_treinador_id) VALUES('great ball', 58, 15);
INSERT INTO public.pokebola (nivel_de_forca, id, fk_treinador_id) VALUES('ultra ball', 59, 15);
INSERT INTO public.pokebola (nivel_de_forca, id, fk_treinador_id) VALUES('master ball', 60, 15);
INSERT INTO public.pokebola (nivel_de_forca, id, fk_treinador_id) VALUES('normal', 61, 16);
INSERT INTO public.pokebola (nivel_de_forca, id, fk_treinador_id) VALUES('great ball', 62, 16);
INSERT INTO public.pokebola (nivel_de_forca, id, fk_treinador_id) VALUES('ultra ball', 63, 16);
INSERT INTO public.pokebola (nivel_de_forca, id, fk_treinador_id) VALUES('master ball', 64, 16);
INSERT INTO public.pokebola (nivel_de_forca, id, fk_treinador_id) VALUES('normal', 65, 17);
INSERT INTO public.pokebola (nivel_de_forca, id, fk_treinador_id) VALUES('great ball', 66, 17);
INSERT INTO public.pokebola (nivel_de_forca, id, fk_treinador_id) VALUES('ultra ball', 67, 17);
INSERT INTO public.pokebola (nivel_de_forca, id, fk_treinador_id) VALUES('master ball', 68, 17);
INSERT INTO public.pokebola (nivel_de_forca, id, fk_treinador_id) VALUES('normal', 69, 18);
INSERT INTO public.pokebola (nivel_de_forca, id, fk_treinador_id) VALUES('great ball', 70, 18);
INSERT INTO public.pokebola (nivel_de_forca, id, fk_treinador_id) VALUES('ultra ball', 71, 18);
INSERT INTO public.pokebola (nivel_de_forca, id, fk_treinador_id) VALUES('master ball', 72, 18);
INSERT INTO public.pokebola (nivel_de_forca, id, fk_treinador_id) VALUES('normal', 73, 19);
INSERT INTO public.pokebola (nivel_de_forca, id, fk_treinador_id) VALUES('great ball', 74, 19);
INSERT INTO public.pokebola (nivel_de_forca, id, fk_treinador_id) VALUES('ultra ball', 75, 19);
INSERT INTO public.pokebola (nivel_de_forca, id, fk_treinador_id) VALUES('master ball', 76, 19);
INSERT INTO public.pokebola (nivel_de_forca, id, fk_treinador_id) VALUES('normal', 77, 20);
INSERT INTO public.pokebola (nivel_de_forca, id, fk_treinador_id) VALUES('great ball', 78, 20);
INSERT INTO public.pokebola (nivel_de_forca, id, fk_treinador_id) VALUES('ultra ball', 79, 20);
INSERT INTO public.pokebola (nivel_de_forca, id, fk_treinador_id) VALUES('master ball', 80, 20);
INSERT INTO public.pokebola (nivel_de_forca, id, fk_treinador_id) VALUES('normal', 81, 21);
INSERT INTO public.pokebola (nivel_de_forca, id, fk_treinador_id) VALUES('great ball', 82, 21);
INSERT INTO public.pokebola (nivel_de_forca, id, fk_treinador_id) VALUES('ultra ball', 83, 21);
INSERT INTO public.pokebola (nivel_de_forca, id, fk_treinador_id) VALUES('master ball', 84, 21);
INSERT INTO public.pokebola (nivel_de_forca, id, fk_treinador_id) VALUES('normal', 85, 22);
INSERT INTO public.pokebola (nivel_de_forca, id, fk_treinador_id) VALUES('great ball', 86, 22);
INSERT INTO public.pokebola (nivel_de_forca, id, fk_treinador_id) VALUES('ultra ball', 87, 22);
INSERT INTO public.pokebola (nivel_de_forca, id, fk_treinador_id) VALUES('master ball', 88, 22);
INSERT INTO public.pokebola (nivel_de_forca, id, fk_treinador_id) VALUES('normal', 89, 23);
INSERT INTO public.pokebola (nivel_de_forca, id, fk_treinador_id) VALUES('great ball', 90, 23);
INSERT INTO public.pokebola (nivel_de_forca, id, fk_treinador_id) VALUES('ultra ball', 91, 23);
INSERT INTO public.pokebola (nivel_de_forca, id, fk_treinador_id) VALUES('master ball', 92, 23);
INSERT INTO public.pokebola (nivel_de_forca, id, fk_treinador_id) VALUES('normal', 93, 24);
INSERT INTO public.pokebola (nivel_de_forca, id, fk_treinador_id) VALUES('great ball', 94, 24);
INSERT INTO public.pokebola (nivel_de_forca, id, fk_treinador_id) VALUES('ultra ball', 95, 24);
INSERT INTO public.pokebola (nivel_de_forca, id, fk_treinador_id) VALUES('master ball', 96, 24);
INSERT INTO public.pokebola (nivel_de_forca, id, fk_treinador_id) VALUES('normal', 97, 25);
INSERT INTO public.pokebola (nivel_de_forca, id, fk_treinador_id) VALUES('great ball', 98, 25);
INSERT INTO public.pokebola (nivel_de_forca, id, fk_treinador_id) VALUES('ultra ball', 99, 25);
INSERT INTO public.pokebola (nivel_de_forca, id, fk_treinador_id) VALUES('master ball', 100, 25);
INSERT INTO public.pokebola (nivel_de_forca, id, fk_treinador_id) VALUES('normal', 101, 26);
INSERT INTO public.pokebola (nivel_de_forca, id, fk_treinador_id) VALUES('great ball', 102, 26);
INSERT INTO public.pokebola (nivel_de_forca, id, fk_treinador_id) VALUES('ultra ball', 103, 26);
INSERT INTO public.pokebola (nivel_de_forca, id, fk_treinador_id) VALUES('master ball', 104, 26);
INSERT INTO public.pokebola (nivel_de_forca, id, fk_treinador_id) VALUES('normal', 105, 27);
INSERT INTO public.pokebola (nivel_de_forca, id, fk_treinador_id) VALUES('great ball', 106, 27);
INSERT INTO public.pokebola (nivel_de_forca, id, fk_treinador_id) VALUES('ultra ball', 107, 27);
INSERT INTO public.pokebola (nivel_de_forca, id, fk_treinador_id) VALUES('master ball', 108, 27);
INSERT INTO public.pokebola (nivel_de_forca, id, fk_treinador_id) VALUES('normal', 109, 28);
INSERT INTO public.pokebola (nivel_de_forca, id, fk_treinador_id) VALUES('great ball', 110, 28);
INSERT INTO public.pokebola (nivel_de_forca, id, fk_treinador_id) VALUES('ultra ball', 111, 28);
INSERT INTO public.pokebola (nivel_de_forca, id, fk_treinador_id) VALUES('master ball', 112, 28);
INSERT INTO public.pokebola (nivel_de_forca, id, fk_treinador_id) VALUES('normal', 113, 29);
INSERT INTO public.pokebola (nivel_de_forca, id, fk_treinador_id) VALUES('great ball', 114, 29);
INSERT INTO public.pokebola (nivel_de_forca, id, fk_treinador_id) VALUES('ultra ball', 115, 29);
INSERT INTO public.pokebola (nivel_de_forca, id, fk_treinador_id) VALUES('master ball', 116, 29);
INSERT INTO public.pokebola (nivel_de_forca, id, fk_treinador_id) VALUES('normal', 117, 30);
INSERT INTO public.pokebola (nivel_de_forca, id, fk_treinador_id) VALUES('great ball', 118, 30);
INSERT INTO public.pokebola (nivel_de_forca, id, fk_treinador_id) VALUES('ultra ball', 119, 30);
INSERT INTO public.pokebola (nivel_de_forca, id, fk_treinador_id) VALUES('master ball', 120, 30);
INSERT INTO public.pokebola (nivel_de_forca, id, fk_treinador_id) VALUES('normal', 121, 31);
INSERT INTO public.pokebola (nivel_de_forca, id, fk_treinador_id) VALUES('great ball', 122, 31);
INSERT INTO public.pokebola (nivel_de_forca, id, fk_treinador_id) VALUES('ultra ball', 123, 31);
INSERT INTO public.pokebola (nivel_de_forca, id, fk_treinador_id) VALUES('master ball', 124, 31);
INSERT INTO public.pokebola (nivel_de_forca, id, fk_treinador_id) VALUES('normal', 125, 32);
INSERT INTO public.pokebola (nivel_de_forca, id, fk_treinador_id) VALUES('great ball', 126, 32);
INSERT INTO public.pokebola (nivel_de_forca, id, fk_treinador_id) VALUES('ultra ball', 127, 32);
INSERT INTO public.pokebola (nivel_de_forca, id, fk_treinador_id) VALUES('master ball', 128, 32);
INSERT INTO public.pokebola (nivel_de_forca, id, fk_treinador_id) VALUES('normal', 129, 33);
INSERT INTO public.pokebola (nivel_de_forca, id, fk_treinador_id) VALUES('great ball', 130, 33);
INSERT INTO public.pokebola (nivel_de_forca, id, fk_treinador_id) VALUES('ultra ball', 131, 33);
INSERT INTO public.pokebola (nivel_de_forca, id, fk_treinador_id) VALUES('master ball', 132, 33);
INSERT INTO public.pokebola (nivel_de_forca, id, fk_treinador_id) VALUES('normal', 133, 34);
INSERT INTO public.pokebola (nivel_de_forca, id, fk_treinador_id) VALUES('great ball', 134, 34);
INSERT INTO public.pokebola (nivel_de_forca, id, fk_treinador_id) VALUES('ultra ball', 135, 34);
INSERT INTO public.pokebola (nivel_de_forca, id, fk_treinador_id) VALUES('master ball', 136, 34);
INSERT INTO public.pokebola (nivel_de_forca, id, fk_treinador_id) VALUES('normal', 137, 35);
INSERT INTO public.pokebola (nivel_de_forca, id, fk_treinador_id) VALUES('great ball', 138, 35);
INSERT INTO public.pokebola (nivel_de_forca, id, fk_treinador_id) VALUES('ultra ball', 139, 35);
INSERT INTO public.pokebola (nivel_de_forca, id, fk_treinador_id) VALUES('master ball', 140, 35);
INSERT INTO public.pokebola (nivel_de_forca, id, fk_treinador_id) VALUES('normal', 141, 36);
INSERT INTO public.pokebola (nivel_de_forca, id, fk_treinador_id) VALUES('great ball', 142, 36);
INSERT INTO public.pokebola (nivel_de_forca, id, fk_treinador_id) VALUES('ultra ball', 143, 36);
INSERT INTO public.pokebola (nivel_de_forca, id, fk_treinador_id) VALUES('master ball', 144, 36);
INSERT INTO public.pokebola (nivel_de_forca, id, fk_treinador_id) VALUES('normal', 145, 37);
INSERT INTO public.pokebola (nivel_de_forca, id, fk_treinador_id) VALUES('great ball', 146, 37);
INSERT INTO public.pokebola (nivel_de_forca, id, fk_treinador_id) VALUES('ultra ball', 147, 37);
INSERT INTO public.pokebola (nivel_de_forca, id, fk_treinador_id) VALUES('master ball', 148, 37);
INSERT INTO public.pokebola (nivel_de_forca, id, fk_treinador_id) VALUES('normal', 149, 38);
INSERT INTO public.pokebola (nivel_de_forca, id, fk_treinador_id) VALUES('great ball', 150, 38);
INSERT INTO public.pokebola (nivel_de_forca, id, fk_treinador_id) VALUES('ultra ball', 151, 38);
INSERT INTO public.pokebola (nivel_de_forca, id, fk_treinador_id) VALUES('master ball', 152, 38);
INSERT INTO public.pokebola (nivel_de_forca, id, fk_treinador_id) VALUES('normal', 153, 39);
INSERT INTO public.pokebola (nivel_de_forca, id, fk_treinador_id) VALUES('great ball', 154, 39);
INSERT INTO public.pokebola (nivel_de_forca, id, fk_treinador_id) VALUES('ultra ball', 155, 39);
INSERT INTO public.pokebola (nivel_de_forca, id, fk_treinador_id) VALUES('master ball', 156, 39);
INSERT INTO public.pokebola (nivel_de_forca, id, fk_treinador_id) VALUES('normal', 157, 40);
INSERT INTO public.pokebola (nivel_de_forca, id, fk_treinador_id) VALUES('great ball', 158, 40);
INSERT INTO public.pokebola (nivel_de_forca, id, fk_treinador_id) VALUES('ultra ball', 159, 40);
INSERT INTO public.pokebola (nivel_de_forca, id, fk_treinador_id) VALUES('master ball', 160, 40);
INSERT INTO public.pokebola (nivel_de_forca, id, fk_treinador_id) VALUES('normal', 161, 41);
INSERT INTO public.pokebola (nivel_de_forca, id, fk_treinador_id) VALUES('great ball', 162, 41);
INSERT INTO public.pokebola (nivel_de_forca, id, fk_treinador_id) VALUES('ultra ball', 163, 41);
INSERT INTO public.pokebola (nivel_de_forca, id, fk_treinador_id) VALUES('master ball', 164, 41);
INSERT INTO public.pokebola (nivel_de_forca, id, fk_treinador_id) VALUES('normal', 165, 42);
INSERT INTO public.pokebola (nivel_de_forca, id, fk_treinador_id) VALUES('great ball', 166, 42);
INSERT INTO public.pokebola (nivel_de_forca, id, fk_treinador_id) VALUES('ultra ball', 167, 42);
INSERT INTO public.pokebola (nivel_de_forca, id, fk_treinador_id) VALUES('master ball', 168, 42);
INSERT INTO public.pokebola (nivel_de_forca, id, fk_treinador_id) VALUES('normal', 169, 43);
INSERT INTO public.pokebola (nivel_de_forca, id, fk_treinador_id) VALUES('great ball', 170, 43);
INSERT INTO public.pokebola (nivel_de_forca, id, fk_treinador_id) VALUES('ultra ball', 171, 43);
INSERT INTO public.pokebola (nivel_de_forca, id, fk_treinador_id) VALUES('master ball', 172, 43);
INSERT INTO public.pokebola (nivel_de_forca, id, fk_treinador_id) VALUES('normal', 173, 44);
INSERT INTO public.pokebola (nivel_de_forca, id, fk_treinador_id) VALUES('great ball', 174, 44);
INSERT INTO public.pokebola (nivel_de_forca, id, fk_treinador_id) VALUES('ultra ball', 175, 44);
INSERT INTO public.pokebola (nivel_de_forca, id, fk_treinador_id) VALUES('master ball', 176, 44);
INSERT INTO public.pokebola (nivel_de_forca, id, fk_treinador_id) VALUES('normal', 177, 45);
INSERT INTO public.pokebola (nivel_de_forca, id, fk_treinador_id) VALUES('great ball', 178, 45);
INSERT INTO public.pokebola (nivel_de_forca, id, fk_treinador_id) VALUES('ultra ball', 179, 45);
INSERT INTO public.pokebola (nivel_de_forca, id, fk_treinador_id) VALUES('master ball', 180, 45);
INSERT INTO public.pokebola (nivel_de_forca, id, fk_treinador_id) VALUES('normal', 181, 46);
INSERT INTO public.pokebola (nivel_de_forca, id, fk_treinador_id) VALUES('great ball', 182, 46);
INSERT INTO public.pokebola (nivel_de_forca, id, fk_treinador_id) VALUES('ultra ball', 183, 46);
INSERT INTO public.pokebola (nivel_de_forca, id, fk_treinador_id) VALUES('master ball', 184, 46);
INSERT INTO public.pokebola (nivel_de_forca, id, fk_treinador_id) VALUES('normal', 185, 47);
INSERT INTO public.pokebola (nivel_de_forca, id, fk_treinador_id) VALUES('great ball', 186, 47);
INSERT INTO public.pokebola (nivel_de_forca, id, fk_treinador_id) VALUES('ultra ball', 187, 47);
INSERT INTO public.pokebola (nivel_de_forca, id, fk_treinador_id) VALUES('master ball', 188, 47);
INSERT INTO public.pokebola (nivel_de_forca, id, fk_treinador_id) VALUES('normal', 189, 48);
INSERT INTO public.pokebola (nivel_de_forca, id, fk_treinador_id) VALUES('great ball', 190, 48);
INSERT INTO public.pokebola (nivel_de_forca, id, fk_treinador_id) VALUES('ultra ball', 191, 48);
INSERT INTO public.pokebola (nivel_de_forca, id, fk_treinador_id) VALUES('master ball', 192, 48);
INSERT INTO public.pokebola (nivel_de_forca, id, fk_treinador_id) VALUES('normal', 193, 49);
INSERT INTO public.pokebola (nivel_de_forca, id, fk_treinador_id) VALUES('great ball', 194, 49);
INSERT INTO public.pokebola (nivel_de_forca, id, fk_treinador_id) VALUES('ultra ball', 195, 49);
INSERT INTO public.pokebola (nivel_de_forca, id, fk_treinador_id) VALUES('master ball', 196, 49);
INSERT INTO public.pokebola (nivel_de_forca, id, fk_treinador_id) VALUES('normal', 197, 50);
INSERT INTO public.pokebola (nivel_de_forca, id, fk_treinador_id) VALUES('great ball', 198, 50);
INSERT INTO public.pokebola (nivel_de_forca, id, fk_treinador_id) VALUES('ultra ball', 199, 50);
INSERT INTO public.pokebola (nivel_de_forca, id, fk_treinador_id) VALUES('master ball', 200, 50);

INSERT INTO public.batalha(id) VALUES
(1),
(2),
(3),
(4),
(5),
(6),
(7),
(8),
(9),
(10),
(11),
(12),
(13),
(14),
(15),
(16),
(17),
(18),
(19),
(20),
(21),
(22),
(23),
(24),
(25),
(26),
(27),
(28),
(29),
(30),
(31),
(32),
(33),
(34),
(35),
(36),
(37),
(38),
(39),
(40),
(41),
(42),
(43),
(44),
(45),
(46),
(47),
(48),
(49),
(50),
(51),
(52),
(53),
(54),
(55),
(56),
(57),
(58),
(59),
(60),
(61),
(62),
(63),
(64),
(65),
(66),
(67),
(68),
(69),
(70),
(71),
(72),
(73),
(74),
(75),
(76),
(77),
(78),
(79),
(80),
(81),
(82),
(83),
(84),
(85),
(86),
(87),
(88),
(89),
(90),
(91),
(92),
(93),
(94),
(95),
(96),
(97),
(98),
(99),
(100),
(101),
(102),
(103),
(104),
(105),
(106),
(107),
(108),
(109),
(110),
(111),
(112),
(113),
(114),
(115),
(116),
(117),
(118),
(119),
(120),
(121),
(122),
(123),
(124),
(125),
(126),
(127),
(128),
(129),
(130),
(131),
(132),
(133),
(134),
(135),
(136),
(137),
(138),
(139),
(140),
(141),
(142),
(143),
(144),
(145),
(146),
(147),
(148),
(149),
(150),
(151),
(152),
(153),
(154),
(155),
(156),
(157),
(158),
(159),
(160),
(161),
(162),
(163),
(164),
(165),
(166),
(167),
(168),
(169);